,SoC_t,SoC,Charge,Mode,Gen,FO,a0,a1,a2,a3,a4,a5,a6,a7,a8,a9,a10,a11,a12,a13,a14,a15,a16,a17,a18,a19,a20,a21,a22,a23,a24,a25,a26,a27,a28,a29,a30
0,0.9927606049257772,0.9705485851581525,1.941097170316305,D,12,0.005088167673100941,-6.848755985433288,66.57435393395247,22.93184072843953,23.341741878360004,-38.21826063521573,51.94163841162265,69.00020809680028,-86.84978279348584,-47.14161248035879,-26.03719193174712,48.49447094542523,31.9622075865647,35.74100892587853,-49.721019514437344,53.71606987366462,16.30999402893807,-71.9218421815838,-69.71684550902805,-64.70732491046783,10.925607328983782,-62.896273906903616,-47.13559922605401,-1.6230641609420888,46.41933816852318,71.42619439930372,-69.0620447122754,9.520405738515835,0.9692146010682191,60.58006110407855,18.086114891512484,-68.47465441216568
1,0.9854843665084928,0.9635378102909085,1.927075620581817,D,12,0.006938755512237105,7.621339842946682,6.743894832194104,-7.16871842839263,63.02591912509218,-25.238817250737537,81.39888905317441,-57.83837268161395,-58.753769444320554,53.97031613133728,-75.58645560958647,-14.091156617458797,-27.176302925481416,-14.862886554271084,22.44458731841625,-46.562924249637845,-39.55294284932241,55.44348267949182,15.562350810569633,29.155390807791033,-84.23000501702417,-11.050248688433125,-62.483953111201615,4.681014067722815,-36.14436320513596,50.79256396003985,57.6751895245632,-59.55293497607845,-49.81861686375036,33.53735189040637,-55.370671138637,31.0284562426474
2,0.9781456859336338,0.9565183367015969,1.9130366734031938,D,145,0.005686775257082832,-35.35953673067536,16.61274859137721,-49.382993700411234,86.75311839770768,-24.353450911371088,46.18948654480938,2.3075600495116078,31.267502394814166,79.1525989243093,-41.82856116796742,98.91094850087696,-33.82398741815644,87.84945623939772,86.8824208308654,-47.866147653081,-5.483135978756382,59.55521277273304,-29.247696135027176,29.023982430942162,21.741850669295673,62.37073836258827,-70.07327805506031,31.305202845819018,10.465148069146515,52.634320753781715,-33.505682240054156,35.658776533365305,27.30961362721994,-9.970705645020129,43.642321122769474,-31.48845086659484
3,0.9707482217336352,0.949494581744102,1.898989163488204,D,22,0.00456900340387989,-5.165642442456601,8.618888968560174,76.62719727710923,73.9737910854445,24.404214021025368,73.24238994528552,-10.098483440815798,49.2652332276044,92.72737347255924,32.484148777918364,48.25832284467685,-63.18006224622667,98.65464230614573,-81.03169532442654,-53.040506807860865,21.38981685620615,61.44394735367567,-41.31662232158303,71.59188152169271,-16.5524493790184,57.08814982973771,61.84218134401543,24.58467020640353,42.599955962945316,55.73765900011675,15.821205781115975,44.960878981164186,34.09442750689677,-27.949542341229233,24.700186189656904,-39.31529283118636
4,0.9633049096765853,0.9424794642015,1.884958928403,D,3,0.0030602570605675616,-5.165642442456601,8.618888968560174,76.62719727710923,73.9737910854445,29.771287534216242,73.24238994528552,-10.098483440815798,46.17432992015867,81.32482009787874,15.239859027351542,37.732427686035635,-63.18006224622667,98.67056169801603,-71.92769519427044,-53.040506807860865,10.616926833585735,57.14568428342387,-41.31662232158303,71.59188152169271,-0.002702435885033161,49.18825951532079,44.60671893907224,27.261801039703826,42.599955962945316,55.73765900011675,15.821205781115975,43.24558122138989,34.09442750689677,-27.949542341229233,10.682400567631806,-39.31529283118636
5,0.9557990999597767,0.935458036212704,1.870916072425408,D,26,0.002494096577976279,-50.45298625505309,-11.988845321676944,4.4123657374936265,76.32723448566648,59.53966898426166,76.81143949066231,-39.67709574777125,38.5389537507526,21.769584227871775,-46.48484520552774,37.528563900671614,53.70515197985277,34.25361949338681,45.0968827501334,42.17680833048961,14.433947781388149,8.874911065296843,-41.19950575538064,70.97800289479903,-22.06698813797523,13.663325504155743,-7.222487338010411,-72.25577880780011,65.8167822848296,84.98417166185513,5.120117622580963,32.98566454408897,58.663835844744966,-50.9253273003401,-67.58477689083531,-39.5145319340386
6,0.9482362537765321,0.9284362812113215,1.856872562422643,D,5,0.007968524129779109,-50.45298625505309,3.1974168437635635,15.047995499863365,76.32723448566648,64.88561473424127,76.81143949066231,-39.67709574777125,46.018573375959036,21.769584227871775,-36.80746471946223,37.528563900671614,60.94878926688398,35.16803453080146,24.41198120764457,44.38840671518891,11.250803041382312,8.874911065296843,-45.6974614833932,70.97800289479903,-22.06698813797523,10.896830327163794,-7.22248733801041,-71.65683604772079,65.8167822848296,79.19537096084728,5.120117622580963,43.00520238942348,58.663835844744966,-50.9253273003401,-67.58477689083531,-23.991342982151707
7,0.9406206887013931,0.9214189592304235,1.842837918460847,D,9,0.008312813124632612,-66.46663448053154,2.5644475640283844,-19.615485221044818,81.68493628862885,74.01073524451957,17.074082816386795,-19.202359966101167,-3.4370921021428558,20.18227133069316,-22.657532263896698,-2.87427349420607,88.90242544794339,54.42825206334138,74.82689874594516,49.97016085932239,35.437732003877244,9.79472191004558,38.51786264495377,-25.66659935918645,-43.74858510157895,67.43040820419772,28.52132566687643,-49.03734300308307,-12.353330935542136,36.69678904567699,6.871909494678863,-4.663800878764786,72.30087734235288,-50.90283190878119,-82.93719111688978,-36.773897833183945
8,0.932924884182014,0.9143821140522425,1.828764228104485,D,4,0.004816424770524463,-50.86982292885905,1.805794652709438,-19.615485221044818,82.09135713139554,74.3952121629464,17.074082816386795,-19.202359966101167,-3.4370921021428558,28.841457372228824,-22.657532263896698,-6.705865794924829,67.47744695051611,52.14368960919057,74.82689874594516,38.13756954991572,35.437732003877244,9.79472191004558,41.85286900547251,-25.66659935918645,-43.74858510157895,46.78947305817035,30.636191223820617,-44.62772088352965,-12.353330935542136,42.627877007846465,6.871909494678862,-0.5348329107659745,65.50363897119213,-50.90283190878119,-83.94687819204273,-42.38597893373408
9,0.9251958147556083,0.9073690707334059,1.8147381414668118,D,8,0.009379517701745499,-50.60557261213863,46.49881361841868,-24.260678403463796,82.09135713139554,76.66378852572494,14.642726303690136,-47.504415426990754,17.78955915607948,29.766053820275147,-22.781854923701996,-6.873645919082772,43.08563960531388,-25.2825106723556,84.92517700755485,38.59146113537481,43.600356335960726,11.113232492280364,46.092653759943204,-27.065781397098156,-43.8295865784291,22.52802466172309,25.808818516332064,-61.13216359988926,-10.397437724752644,46.20893855158803,13.65360602574528,26.450702604963585,65.07306300381373,-50.90283190878119,-11.987621647331519,-42.48179584996241
10,0.9173897275302874,0.9003407940644155,1.800681588128831,D,3,0.007814321943527158,-15.432633537918807,71.48851268943656,-44.74200621970952,82.09135713139554,76.66378852572494,-21.995451888929484,-74.60546332691489,17.78955915607948,29.766053820275147,1.3654235195407125,-1.6189857580673273,58.476346151447366,-25.2825106723556,39.464064867427915,38.59146113537481,15.358742042479859,11.113232492280364,65.30852004038398,-31.5482303859446,-43.8295865784291,22.52802466172309,25.80881851633206,35.91712043738724,16.74213503435644,46.20893855158803,13.65360602574528,0.02757723775544285,40.72460440028664,-13.805608725441662,-30.378678867028057,32.82633232565079
11,0.9095393349094573,0.8933277628226635,1.786655525645327,D,8,0.00562013259857963,28.412224178088316,93.18033637219148,-69.05099765203096,82.09135713139554,76.68685602953448,-62.26112961218681,-95.95468490935477,17.74721978995113,29.766053820275147,32.508640459435014,6.280035284992703,76.74335290628147,-25.2825106723556,-16.380721502866674,38.59146113537481,-21.54918391929703,10.893564881140165,85.44659636821089,-38.18114832844373,-44.006252681258275,22.63941362869214,25.80881851633206,98.70874586614522,50.039081818372495,46.20893855158803,13.777754604431934,-33.91590173151106,6.9569861757385025,31.70816104294329,-53.907970035301084,90.59447414367725
12,0.9016292952400833,0.8863169011949674,1.7726338023899348,D,6,0.007975300778099825,28.36605760363499,92.6996553284285,-69.14864488871312,82.0133127940026,76.76013077808643,-62.29887098966241,-95.95524402716913,17.267757203319388,29.912379835941472,32.56431452451707,5.694146276852926,76.21333414585501,-25.320806143355853,-16.30487013567078,38.3637936711643,-20.796855723927415,10.941057747484392,84.71371400181275,-37.82871531587757,-43.34501762872466,22.424352653373337,25.539542142055357,98.59583722721781,49.67209707350626,46.341486386533624,12.999103239172245,-33.27775224199719,6.9569861757385025,31.84759516948223,-53.93132871229189,90.54375891314123
13,0.8936409636707414,0.879293013964771,1.758586027929542,D,8,0.00937421073783229,28.27092131947547,92.52710572984262,-69.14864488871312,82.0133127940026,76.82376629016238,-62.204285590721874,-95.97046984549692,16.97755478632977,29.945279378667784,32.42809262937265,5.397428075944583,76.23728927356639,-25.33273679676073,-16.3479324500137,38.43177126266729,-20.747240811287465,10.869399327800615,84.70299683987702,-37.55865053495168,-43.4519048073804,22.6088501706098,25.539542142055357,98.28187105258084,49.48362162263207,46.35286291996223,13.039972422073397,-33.258187239523686,7.107309653728028,31.777710240096507,-53.6903182379622,90.46626248906102
14,0.8855959966937779,0.8722755990222404,1.7445511980444808,D,5,0.0016244612634186417,44.41409405757361,83.68431304342269,-73.52888450654721,82.0133127940026,76.82376629016238,-16.145132897813202,-89.21974518234373,16.493298680737574,29.945279378667784,51.61565470888426,-14.934420424151925,81.57365259895742,-39.591978428501406,-31.975331834922102,38.43177126266729,-4.664029253512464,10.869399327800615,88.96375965304665,-27.279483342943237,-43.4519048073804,22.6088501706098,25.539542142055357,44.94156141183509,47.06068545302268,53.568739207587925,23.42459167711788,-33.258187239523686,7.107309653728029,49.110769904350335,-63.37978441730125,90.46626248906102
15,0.8774855806289394,0.865258146834489,1.730516293668978,D,3,0.0026608183979983657,44.41409405757361,91.71654404806554,-73.52888450654721,82.0133127940026,76.82376629016238,-16.145132897813202,-93.56194372210717,35.17986359152654,29.945279378667784,51.61565470888425,-14.934420424151924,53.13172573269089,-73.38622483013017,18.229998542059732,39.120637356385856,22.270130728953884,10.869399327800615,88.96375965304665,-27.279483342943237,-43.4519048073804,-2.084071248136558,24.13492265281257,-8.574608633528635,47.06068545302267,56.68576127281124,29.422026139937124,5.5073135445713675,7.107309653728029,49.110769904350335,7.912261033723272,90.46626248906102
16,0.8693089068189913,0.858240707014426,1.716481414028852,D,5,0.0005216114223007828,44.41409405757361,78.0777461283329,-44.90886589764922,84.97984671722764,39.32791286001695,-16.145132897813202,-93.56194372210717,1.7371584545168282,29.945279378667784,51.61565470888425,-14.934420424151924,53.13172573269089,-73.38622483013017,18.229998542059732,35.82160323843923,21.215785272062156,10.869399327800615,88.96375965304665,-16.48966892477172,-70.76506414262775,-5.6725041678599375,42.00975601158706,-62.63824145958327,30.30657210969376,59.74738656754659,42.7253226306283,-55.397097266488046,-30.317367274826445,77.88722008218045,31.154874274035066,11.953088619779649
17,0.8610702638899307,0.8512276142646654,1.7024552285293308,D,4,0.00046052969992160797,44.41409405757361,78.57581349413948,-33.78195167704478,88.49600540472126,44.760239121905435,-17.732765150870648,-66.44296486927762,-29.92536045899155,31.27163213290708,63.09538975496896,-14.934420424151924,37.89555181749261,-39.62837705589756,32.445493955319215,11.649282717257137,36.33951827806429,-2.145026787974071,88.96375965304665,-16.48966892477172,-69.52735019666204,-5.6725041678599375,53.14179521591605,-62.63824145958327,11.40697637528524,59.747386567546585,42.7253226306283,-55.979821104209606,-11.072339668951376,77.88722008218045,31.154874274035066,11.953088619779649
18,0.8527450104379843,0.8441993363611484,1.6883986727222968,D,4,0.0032491255551576614,44.41409405757361,78.57581349413948,-17.40111759509162,92.0957565593271,49.6452003518353,-17.732765150870648,-66.44296486927762,-49.469236894018046,31.27163213290708,68.36727437509633,-14.934420424151924,40.007866854253926,-13.983333957634352,43.01484050355943,11.649282717257137,55.82667210546606,-2.145026787974071,88.96375965304665,-16.48966892477172,-72.84397376348386,-5.6725041678599375,67.48559249806411,-62.63824145958327,-14.359633591222664,59.747386567546585,42.7253226306283,-49.61354240066455,-11.072339668951376,77.88722008218045,31.154874274035066,11.953088619779649
19,0.8443626424647912,0.837181869981569,1.674363739963138,D,4,2.2606924176660215e-05,1.3749126463510324,-45.60481254865251,-36.547385178921125,93.14272167595273,-4.86369616566478,-84.47563818741321,21.742567083945488,-84.60804810333552,31.27163213290708,72.55722127155025,-14.934420424151924,59.873674109239346,-41.04273154489099,43.01484050355943,-49.35380174765774,-34.474161088725594,-2.145026787974071,88.96375965304665,-16.48966892477172,-82.73567106130918,8.324461699983711,53.62028914874695,66.6163039366226,-41.300653637641,51.81256922242383,42.7253226306283,-49.61354240066454,-75.85689170445643,87.40637969345366,66.49082727193354,11.953088619779649
20,0.8359122116908737,0.8301666323700855,1.660333264740171,D,4,0.0015689246356482833,1.3749126463510324,-46.2754001369417,-36.547385178921125,93.61612885247759,-2.79526926525285,-73.55934246878753,21.742567083945488,-84.60804810333552,31.27163213290708,56.38976242641226,-14.934420424151924,62.34707454839203,-41.04273154489099,43.01484050355943,-49.35380174765774,-35.60509091695009,2.6401265213483733,89.37192622870167,-16.48966892477172,-83.71471586554303,8.324461699983711,53.62028914874695,56.75682946515448,-41.300653637641,51.81256922242383,42.7253226306283,-49.61354240066454,-78.47610512780764,88.02739974062236,50.48124695799767,10.020857161386452
21,0.8273769596618684,0.8231644471299004,1.646328894259801,D,5,0.00905865803360939,1.3749126463510324,-57.71418556820327,-69.13039377491395,93.61612885247759,-60.06533899212444,-87.11584377179003,-73.38734094794324,-93.09016349835687,61.399047668559355,31.539299916299264,-14.934420424151924,38.39263909893702,-70.03667094721987,53.051221581252534,-49.35380174765774,-35.60509091695009,2.6401265213483733,97.799447187395,-36.86838346600582,-88.74550946514081,58.844532187596755,18.327023881289662,56.75682946515448,-56.84255338715312,51.81256922242383,-41.28965071712334,-63.62482947780302,-85.25331148248756,88.02739974062236,50.48124695799767,10.020857161386452
22,0.8187782343972605,0.8161231772886804,1.632246354577361,D,6,0.004034359008073807,5.664255134270416,-49.154795617821314,-68.54192639440258,94.7673827147293,-60.06533899212444,-86.39406328502498,-66.46939365822477,-93.09617396947199,61.865184468611595,33.11744915300976,-15.122767965129476,38.39263909893702,-72.88611543458873,61.56079009303839,-57.457852094185476,-46.62710084848368,10.83248681711621,97.81076506797079,-35.8906674454696,-87.54270557514441,40.92804112211412,28.899242529470023,59.90558405637056,-56.218174554010254,51.81256922242383,-25.790929873865856,-63.02018593584078,-85.25331148248756,88.02739974062236,61.54901398852693,28.504377189623387
23,0.8101050467297983,0.809105815259949,1.618211630519898,D,8,0.0011406317353248596,5.684193194924305,-50.065250878569685,-68.54192639440258,95.31806286681781,-53.885601805193076,-64.84633953008436,-66.31921161932434,-92.89499749850661,61.66538885692184,8.757449176137216,-15.318976366164662,45.855516138350396,-72.90335392035803,61.5888667911493,-57.13020246694142,-48.383897720065264,18.794031092723717,97.56275482720886,-35.85451461101635,-88.44743454246391,40.95469448587932,28.948063381543655,41.30361368546296,-56.108313974844634,51.824269719037,-25.799115931645513,-62.898245058699615,-88.24700511212646,89.014314823076,31.33062551261364,24.141690999957056
24,0.8013534354193399,0.8020862217033264,1.6041724434066529,D,8,0.0015216153115038544,4.7769562882836984,-49.6362569990697,-68.58441203775621,95.29512491464605,-53.82651161566943,-68.87346624857953,-66.45466148274494,-75.41952465386743,61.570459772970224,8.612868965432233,-15.509066176854116,36.35192162967819,-72.90335392035803,65.37408578330766,-56.99641670045275,-48.383897720065264,18.61847072427253,97.61827485741475,-35.79388070734959,-88.41657045510443,40.895977745161126,29.023161777972003,53.07963513486163,-24.83642877525388,58.805587318522335,-25.781906130642305,-62.8489662508147,-60.16511782393829,49.57717762162507,32.83485795936643,23.654118006615768
25,0.7925298470398997,0.7950709694148614,1.5901419388297229,D,4,0.0011457945220176846,4.7769562882836984,0.49690675168597,-68.58441203775621,95.29512491464605,-10.53539838827556,-0.979537546657645,-86.68452534619992,28.01817980640819,-25.039975206125064,-4.4871541680935145,-15.509066176854116,-0.19405112789143386,-86.33921579588466,65.37408578330766,-56.996416700452755,-48.383897720065264,-44.967393674579874,97.61827485741475,-35.79388070734959,-88.41657045510443,40.895977745161126,29.023161777972003,83.2618346487409,-24.83642877525388,75.36739883127274,-25.781906130642305,33.17639509907309,-60.16511782393829,49.57717762162507,32.83485795936643,23.654118006615768
26,0.7836138102738408,0.7880448687288284,1.5760897374576568,D,0,0.0043750437907879025,4.7769562882836984,0.49690675168597,-68.58441203775621,95.29512491464605,-10.53539838827556,-0.979537546657645,-86.68452534619992,28.01817980640819,-25.039975206125064,-4.4871541680935145,-15.509066176854116,-0.19405112789143386,-86.33921579588466,65.37408578330766,-56.996416700452755,-48.383897720065264,-44.967393674579874,97.61827485741475,-35.79388070734959,-88.41657045510443,40.895977745161126,29.023161777972003,83.2618346487409,-24.83642877525388,75.36739883127274,-25.781906130642305,33.17639509907309,-60.16511782393829,49.57717762162507,32.83485795936643,23.654118006615768
27,0.7746289927862606,0.7810295493720639,1.5620590987441278,D,0,0.00461727567017034,4.7769562882836984,0.49690675168597,-68.58441203775621,95.29512491464605,-10.53539838827556,-0.979537546657645,-86.68452534619992,28.01817980640819,-25.039975206125064,-4.4871541680935145,-15.509066176854116,-0.19405112789143386,-86.33921579588466,65.37408578330766,-56.996416700452755,-48.383897720065264,-44.967393674579874,97.61827485741475,-35.79388070734959,-88.41657045510443,40.895977745161126,29.023161777972003,83.2618346487409,-24.83642877525388,75.36739883127274,-25.781906130642305,33.17639509907309,-60.16511782393829,49.57717762162507,32.83485795936643,23.654118006615768
28,0.7655595787730408,0.7740077275283169,1.5480154550566338,D,9,0.0033342302776877553,4.7716680144321675,0.6927683740089716,-68.58441203775621,95.29512491464605,-10.474030352264599,-0.8776053152081214,-86.7174560407669,27.99233461232074,-25.039975206125064,-4.655878605266479,-15.61141185556592,-0.19405112789143386,-86.33921579588466,65.29896534307973,-56.996416700452755,-48.383897720065264,-45.02850066864692,97.62007800410451,-35.67736693067874,-88.43703270406658,40.943707057633326,29.023161777972,83.26690347333471,-24.83642877525388,75.36739883127274,-25.680331251775808,33.19325861252973,-60.16511782393829,49.57717762162507,32.868757365969785,23.68879778269899
29,0.7564102480771211,0.7669902826891284,1.5339805653782568,D,7,0.008316043298691067,4.908456611203864,0.9406486594011738,-68.58441203775621,95.29631478313092,-10.474030352264599,-0.8344756568611263,-86.41051911232984,28.063794246700752,-25.152109022749514,-4.724197755599422,-15.79029695333061,-0.21508533018373682,-86.33921579588466,64.97484132556093,-56.805126778777655,-48.383897720065264,-45.031033657640734,97.10975397839178,-35.67736693067874,-87.83433725273989,40.98529474873092,29.023161777972,83.25294729827198,-24.981290482112193,75.39553622714007,-25.792289082653816,33.18046835039289,-60.021341623740156,49.623069728684484,32.65034003565731,23.68879778269899
30,0.7471706944741741,0.7599684892578275,1.519936978515655,D,3,0.00021346099674657282,3.35619629382096,44.1659705883676,-30.859732356701,95.29631478313092,-13.122394798204798,54.96710080562988,-87.9381385619772,33.88533832764711,-4.147839556686709,-4.724197755599422,-15.79029695333061,-0.21508533018373682,-56.64196482915286,-7.201280083119672,21.78179973074549,-48.383897720065264,23.122500628643863,97.41755214468427,-67.34347139901612,-88.15823430660176,43.42938361932465,62.376867225014536,77.83194384923786,-53.63584848603982,75.67082725296379,-25.792289082653816,13.80902237318077,-24.64419576198145,64.27798114829417,32.65034003565731,-26.220376099990002
31,0.737833314013665,0.752938035103363,1.505876070206726,D,7,0.002196052111685276,3.3641073421302012,44.229294508641075,-30.89138085806318,95.25169851904118,-13.37286937328158,54.57423610759349,-87.9857848046584,34.21232964198694,-4.3148527904207254,-4.516827479861879,-16.104886161066904,-0.3887078213925059,-56.38689010280288,-7.469345465565414,21.972334700151745,-48.551740151686744,23.1857025523385,97.42099787637963,-67.37549165285618,-88.04533044662026,42.94726299618823,62.46722746112433,77.83194384923786,-53.628302711311626,75.74495698188719,-26.04146546618288,13.754833941823463,-24.64419576198145,64.44177650996261,32.51901906431145,-26.22037609999
32,0.7284344466616917,0.7459271026577905,1.491854205315581,D,9,0.0023419238053890012,-44.10662736097518,3.7011607216022178,8.834526992157572,72.2345930790235,-17.925892021866087,27.560055186895166,-82.99149419398971,61.96392976325174,-8.228962156475374,-27.47354048817488,20.968674262664145,-26.944452682277245,-7.2138066927228115,-41.11786068110512,-1.4529476645841877,-51.815027641906795,21.46608115384973,98.55897109327525,-28.801848444568172,-48.96980958534051,65.34032938123298,43.89189691798809,-17.550392188156767,-67.61645302096196,82.60314382039726,-31.23944474052954,-9.491557706891257,8.358898055317937,19.089877725447707,32.51150490881007,-29.552558600208553
33,0.7189286188782545,0.7389031464142455,1.477806292828491,D,4,0.0017877502163230474,-44.10662736097518,10.822960773970307,3.5461815561919607,72.50442116947654,-10.600056223356795,33.98882803561516,-86.357595828304,66.91474857580934,-19.08807509311906,-29.404475699098988,29.417085966986885,-31.266722853854283,-23.9821324153884,-41.11786068110512,-1.4529476645841877,-29.192847460948567,-9.039261723493796,98.55897109327526,-28.801848444568172,-48.96980958534051,65.34032938123298,43.89189691798809,18.18057461201178,-67.61645302096196,86.23218529455424,-24.862428753109924,-7.847232390256126,8.358898055317937,28.787526344952788,34.697713549635964,-29.552558600208556
34,0.7093374812071351,0.7318835099842235,1.463767019968447,D,12,0.001991249202305312,-7.369076222545575,63.51308773090041,-6.570610990360498,72.50442116947654,-3.816729915719538,28.104989362144863,-87.8413341462349,67.21272761037874,45.19958887519897,-14.743637668110662,34.566915001049004,-12.10635768267709,-16.233427289269688,-72.78961293974885,6.0257835857425,-33.62082945945809,-9.26108262810508,79.84022647872133,-54.162549151814154,9.864746883481676,30.931503591754797,42.29986404361774,9.862544061776834,16.498323583901502,86.27918036999958,-17.849998627039035,2.0659080522632287,-4.978774588341347,-46.41951095989127,25.51623379377959,-64.73950784295556
35,0.6996412991974255,0.7248552201275644,1.4497104402551289,D,5,0.00039903873104618626,18.196457139461778,81.75774359992478,-29.57779906051163,72.50442116947654,-3.816729915719538,-9.65894263072568,-94.06177727859146,67.80615925412124,45.98263417428012,7.619601428731975,37.755099885225476,17.936347356271764,-14.572563128457553,-80.4554833134495,9.964667672018376,-46.557958628588395,-4.889621702330108,86.96169825056953,-58.8755541631447,9.864746883481676,30.931503591754797,44.60840688136138,63.66318960570794,33.84478165338044,86.2922508599105,-17.849998627039035,-20.333715509765202,-17.368272470905694,-7.122059377778728,-0.4754809030383663,20.238894704781647
36,0.689859063397334,0.7178334369227899,1.4356668738455798,D,17,0.0057865687218168205,-45.33152619508608,97.00159811083694,-3.6428418839273746,73.6964392482423,-64.97590169739657,68.11936100174044,-94.06177727859148,45.415258005210305,33.758044496792536,36.89529028591588,49.04708804599433,-29.61688964358173,-14.572563128457553,-86.42797840255932,16.65102698924387,-63.493086229438305,6.685712002520868,53.92029950462586,47.11542472534244,22.827217618694856,68.72156204443888,30.502661666292095,65.04158823059053,80.40277582302778,86.2922508599105,-85.1559791444905,-23.985428932893576,64.66848542696648,89.1078939761444,16.282966617873456,16.227931654349323
37,0.6799806138582458,0.7108116639999009,1.4216233279998018,D,7,0.0062325739950206405,-45.3351733721731,97.00939954325975,-25.842337611943584,74.8948305646277,-64.38999147109047,67.90584585454528,-95.8915253960948,45.2103474666234,33.32004790310552,36.242042989245746,73.66498722214001,-29.783044299552135,-43.11446522896432,-86.36514296287646,16.65102698924387,50.826183115454,-59.9426709172902,53.67337805529141,47.17540353510557,22.43752619477454,68.75494962431148,30.5026616662921,91.60159985296323,80.43262325168769,93.99473348312051,-42.82479023941244,-73.56709949804679,64.73305915543794,95.23042680100059,28.926293697232087,16.278230920497567
38,0.6699911767100732,0.7037811849222975,1.407562369844595,D,2,0.003022432327270952,55.60918455725216,78.32201343323398,73.71406293522826,74.8948305646277,-67.52841531054045,67.90584585454528,-93.06285987606637,81.78064444278871,36.85051898212874,56.57574910883981,-30.792188060481553,-69.23845565922313,-17.626806113371003,-87.80897928616089,34.372146067602735,50.826183115454,-28.37860841365428,59.102019772486244,47.17540353510557,34.40591705475627,68.75494962431148,33.178764838267014,92.49440658889108,81.32411374610876,93.99473348312051,-42.82479023941244,-88.82136401430017,93.88896200411838,66.39506956940335,17.082689230602114,21.919945697574047
39,0.6599165597144641,0.696761560827924,1.393523121655848,D,5,0.0021631717681880325,34.7013952639234,78.32201343323398,73.71406293522826,71.76162710465472,-67.52841531054045,67.90584585454528,-93.06285987606637,81.78064444278871,60.04236245474271,56.57574910883981,-30.79218806048155,-69.23845565922313,17.142968343185366,-8.7418740285541,-1.7365775256396863,55.67134434680282,22.218648080041362,59.102019772486244,52.853451578532116,34.40591705475627,49.10409237923133,33.178764838267014,93.50286483643833,17.98065124771221,93.99473348312051,-54.60402917623226,-89.12175832128254,93.88896200411838,66.39506956940335,6.595132628272865,10.999097023370425
40,0.6497392184995128,0.6897419362492985,1.379483872498597,D,8,0.0015208721160888672,34.67351769636557,78.20856525664962,45.40635226892794,75.96229647663917,-58.37131998539745,42.76899179016893,-86.54420192109099,72.51166577198407,60.07221631778395,56.25747568040817,-31.034228612424993,-1.8378801915010037,17.090596642836683,27.687270637375317,-21.897452383542202,36.87258270317504,22.071348835889737,66.1637086550528,44.23645613267032,34.23304329779207,36.56388275935926,37.61485169173945,93.73420624738304,6.738399436356051,80.08119210990718,-68.8647555889635,-88.73018813183961,93.88896200411838,66.42052519537273,-6.642948658601903,11.48488993252884
41,0.6394703216339315,0.6827310425006959,1.3654620850013919,D,12,0.0033876895904541016,33.19666458910802,1.4958849583718923,47.341557874238156,81.89496860892234,-51.61278646807689,41.03201759201559,-86.63295752101884,77.0191640190274,57.35323541542409,57.59718289482457,-31.616878097052997,12.608667294799536,16.34935845591555,22.824482634778242,-25.939100882526393,44.73719487843135,21.079035268894547,74.63848203638096,50.23199792824265,35.20697032451157,21.44970346124102,38.02727235098144,78.35693026729007,4.821076103012479,80.12798453322085,-69.09229264090077,-83.03725034441582,67.20727735652285,67.30199383777382,-22.98354835783381,8.319567639568788
42,0.6290684511503157,0.6757027925250905,1.351405585050181,D,7,0.009415388107299805,47.06988326701068,-15.776858733478946,55.67137579107323,78.29831841539263,-37.92049752445122,32.0029406071341,-63.129203744658994,58.817917002343215,19.109266633558505,51.591466700301,-36.51605507718428,14.433661887717605,44.98990038297668,40.693809251074285,-14.252615674264774,19.93917611715845,38.56585595260226,78.21236074122092,52.7905901130344,11.467536017376354,36.3603534782378,36.5405107002416,58.60745638713249,15.360244211748409,80.83526544306588,-69.75187825353046,-74.10901133179323,64.14874719241726,80.10680963915026,-55.71005565409287,28.950621065493916
43,0.6185706233027404,0.668683231199108,1.337366462398216,D,63,0.004718780517578125,61.944527099347084,-15.551300459788184,55.11784259560106,79.92430547823487,-38.5893166329151,55.817232101602386,-65.24201159443146,2.6133659718233084,60.325437979458705,3.4874368610868576,-43.35663891582626,43.296045487449284,45.35996095338202,52.45990757135506,5.8660637053969396,36.61763595317222,13.287470593838336,31.729770802211174,60.10789243097082,38.374740650556646,23.524201384932077,31.6930901436837,58.641002562933394,15.348490620813575,83.0364959463876,-17.697056291854917,-52.91020130911645,57.07368218516568,88.51985858098342,14.091150056811811,22.02506486714987
44,0.6079615554862954,0.661663676251444,1.323327352502888,D,12,0.0017707347869868606,62.07293591862173,-11.011093670814963,54.379238979315986,80.16047464590885,-41.50977099670476,56.000846112588775,-61.323630307377925,-3.817758729502504,1.4206631276943558,28.163316595058106,-47.34947536466768,61.05284240631496,-57.76079361673864,-5.9473453477034655,8.987242946822416,22.942973315232774,-70.56011249616355,19.000460261830476,31.54825817792364,47.1828232934692,19.704909157328565,-51.03944964041104,62.30645368269988,17.693651604918664,60.93753746172745,-0.6376212977042925,-56.473205651473585,53.470190439249436,68.72943646799867,23.441369554552566,23.452525711501973
45,0.5972354930008297,0.654641939652893,1.309283879305786,D,7,0.0065577030181880325,62.07565578007403,-11.011093670814963,54.43118055399516,80.18818846920541,-41.548110403406454,56.000846112588775,-60.220009886019064,-33.06213345449666,1.3844015181490703,47.45447187466233,-49.79751506984428,71.85356371597733,0.18553038679058814,-5.9382279923511465,9.027371319021636,22.592287395759275,-70.34814913556187,19.000460261830476,38.093003711701634,58.87673737978881,19.548299542173268,-51.03944964041105,62.30645368269988,17.69719306328936,40.612890591887236,4.6089823318299565,-62.66653819932753,53.470190439249436,68.80022118545835,23.33431035675803,23.452525711501973
46,0.5863796455779133,0.6476136314269815,1.295227262853963,D,6,0.009524106979370117,18.890189618307716,-66.86417516235718,22.441580138278013,82.55670354772698,-60.89904512263313,-57.63915878255922,15.957031089537622,-74.02141476227968,1.3844015181490703,53.736324267629755,-50.0270273898768,80.40841235524609,-28.63342880670307,-5.9382279923511465,-43.8312927729895,-41.527662125636816,-70.55148962043897,19.000460261830476,38.50869258591433,6.643737096349592,29.51871834279308,-54.23556508953479,89.34418297162651,-15.901335961217516,34.318229496607216,5.017828137827112,-62.66653819932753,-46.86718839775297,80.92257183346604,58.89104298483286,23.452525711501973
47,0.5754350021449902,0.6406005669252774,1.281201133850555,D,7,0.001365184783935991,34.65773735684647,-52.84389191098698,22.186373745586764,82.5606885831209,-60.89904512263313,-57.31503549196311,44.847609735075025,-73.79303243284306,40.35694834315987,53.74007907712554,-45.92197618771769,80.05101259515348,-28.595560616847287,-5.8966207797990435,-43.625742638189784,-41.271582344760745,-70.49143808051679,-22.679321416316547,-24.17750598521855,6.95825055111278,29.334361695734707,-34.27768751276483,91.05129508811439,7.949001367008567,34.42514894132087,5.054293532651014,-69.58507999380265,14.403855378991032,80.94830358915758,58.83784794469295,23.473493489751448
48,0.5643559949374067,0.633580959558427,1.267161919116854,D,12,0.0068743228912349075,32.58189247123596,-52.84389191098698,28.183192316576527,82.5606885831209,-60.89904512263314,-66.52730311267378,44.847609735075025,-45.662027572488455,-11.563736189275488,53.74007907712554,-45.92197618771769,59.23390354997251,-81.42326049478852,-26.084901911668858,-43.62574263818979,-41.271582344760745,-90.95851442381081,-5.225223217906369,-24.17750598521855,6.95825055111278,29.334361695734707,-77.83655124909697,94.29313552511267,41.296245752970336,51.61016015370811,5.054293532651014,-69.58507999380265,37.495551736186094,12.60685407804555,60.42420763894313,22.521777587642056
49,0.5531490480945298,0.6265591738421499,1.2531183476842997,D,81,0.0026180744171138137,-8.15000921432405,-25.754715233370074,15.351579976479805,80.63467189491121,-40.762084758812996,-49.20704595695801,7.369500865072384,-63.18199665427693,9.2649245981641,28.5399398642538,-47.10270984344984,51.93569328851618,-73.22481459591248,-61.17141068458639,-57.17711653393959,-17.951464319658555,-60.1306184022437,9.966595101103275,16.119089645214164,2.924562968244273,54.613233064557306,-78.39933023796327,79.33708856727567,-20.254514406377957,54.6581891522778,35.93837418609678,-70.20801507815813,12.724610695148526,26.02493959984097,44.19711564413042,63.720851843567246
50,0.5418257895557075,0.6195439494541329,1.2390878989082659,D,7,0.004224777221680132,-7.989159799615537,-25.485216574079466,15.450609406392537,80.55853402392097,-40.92059255662187,-49.0039185494155,6.987275925888987,-62.73097253218237,8.994153450429398,28.558238946574164,-47.36561422685185,52.003149170123905,-73.21246539360203,-61.202482567210254,-56.492765161972414,-17.951464319658555,-60.24792490784145,9.719699112130543,16.34921488562104,3.235048245448109,54.725724061718424,-78.00183969945245,79.24579241462864,-20.349417638349472,54.719125784124536,35.87994720382139,-70.01732679967182,13.06002074695589,26.02493959984097,43.931436910132476,63.72417409982458
51,0.5303796506519476,0.6125330298367264,1.2250660596734528,D,8,0.003934144973754883,-7.615574725799803,-28.915130531512673,15.68614130864156,85.95754297098017,-29.799786649054447,-13.095350292180497,6.420983587729494,-62.095445463648225,8.994153450429398,-20.062699622997712,-47.58392574521987,64.05946241192109,-73.29430984203844,-61.22099049362622,-55.831813519015256,-23.647804024394766,-30.417879523937792,23.21432026837784,16.777891864323912,-20.472242990640783,54.9024471116559,-77.66593092398973,36.59635333654122,-20.449623829593225,54.723194827946784,36.10718472306813,-69.97226853045397,-35.90726162814792,40.69873064049304,-11.630913155672769,52.37887662831447
52,0.5187941874929505,0.6055177421673015,1.211035484334603,D,36,0.0001625065823134264,-18.71929600518161,-74.4420720878092,56.5500071722979,92.33448191389812,-89.65560629591269,-12.106891082484157,-9.433009875622751,-60.7329654625274,-2.708972884202936,-20.062699622997712,2.9302611366532396,63.00763746713963,-31.335131025147025,-77.62570129968611,-78.94619110356247,23.208374756212038,-54.25006522118104,-19.55115163487109,17.105460672564604,35.34330730268633,55.14465378000044,-62.17500172353037,63.41893199435267,-50.474669144856975,54.60374942791201,-28.22947408504613,-76.58695472325206,-48.5129247262922,82.65523566364104,-12.1216304289919,62.12602093272099
53,0.5070764881707528,0.5985045905573599,1.1970091811147199,D,8,0.006226816434078852,10.676995468968144,-74.43413062117676,62.69168741783492,92.98266987160348,-89.65190598361902,18.12223115221232,-30.918791101963453,-3.0086125885199158,-2.7430241305355656,13.245123569007138,8.742374343777934,63.028884523675245,-56.0620922908154,-62.739388101630745,-33.54753310205981,8.044788105197348,-64.74454353773253,25.354253300099312,16.836494258765747,44.24977530007427,55.153405368856475,-62.180659661628226,63.42119797560761,-50.53510901010942,38.05324046431853,-50.748434160539915,-83.16692968556953,-49.68274030457186,86.68127966554975,-12.152056576191525,10.027422878700953
54,0.4952161357945165,0.5914893444494455,1.182978688898891,D,5,0.0017742753889251617,10.676995468968144,-75.63392994638527,62.69168741783491,93.531538875304,-58.50081195735974,0.5679908260266651,-30.91879110196345,6.65971998746849,-2.7430241305355656,11.030722329148883,-6.567376178608664,63.028884523675245,-56.0620922908154,-66.09092974768318,-40.30449169201623,8.044788105197348,-64.74454353773253,25.35425330009931,16.836494258765747,30.14643595941329,55.15340536885647,-62.62437251122327,67.56972838128743,-50.53510901010942,44.59431591823946,-50.748434160539915,-51.648356893722735,-49.68274030457185,81.57075356279051,-12.152056576191523,10.027422878700953
55,0.48319470159150446,0.584463256950702,1.168926513901404,D,5,0.008841293158183827,10.676995468968144,-53.76597767501846,16.414971518059915,68.33138115967031,-49.00020263162263,-5.295019172585032,-9.683633907084129,22.545225270096086,7.6007813677377145,-5.792837932569459,-14.775865350676392,69.23242049408228,-56.0620922908154,-18.75238967984105,-5.639832380771063,15.759560263223065,-65.76783048312971,46.526554778678985,16.836494258765747,22.20618055677375,61.67506779222465,-68.75606133196149,17.955964117290527,-26.800526614191966,40.23759788134419,-55.89471680487852,-16.532796590442747,-64.28728670424711,46.18750789265604,-17.761572320794727,-3.5113442271302038
56,0.4710382903286767,0.5774436253953544,1.1548872507907089,D,4,0.0003428161144252151,30.229666623564007,-24.786433401184677,-17.938641331666815,68.33138115967031,-45.29325738291288,-40.652367616933894,-9.683633907084129,37.73384072129124,10.188019658129262,53.70987941024087,-30.710715833124702,44.123163036541584,-57.292382318237784,-18.75238967984105,-32.362400084157045,-32.86058575508836,-8.521341701388913,54.81777821634398,35.46555278128371,20.534258753124863,72.40629837537972,-75.4632494814094,-5.8477194318767625,-13.230757794739386,65.89618590583243,-36.97905126408618,-41.90385052478935,-26.826620441744502,22.628741079727618,29.400942033447564,-3.5113442271302038
57,0.45872844809498303,0.5704218092103175,1.140843618420635,D,8,0.0012047290802001953,16.56944663194333,-14.795934275778304,-11.946645626850941,48.37612784450001,2.8646242668262225,-3.975268700824313,-31.636427599186227,71.66264401233215,17.531409931427394,59.4158603238255,-41.858377984909936,57.37127433194668,-59.22265551028032,-34.31180756758929,-9.109361616917877,26.080046680603594,0.8425244454881886,60.75848762264264,67.54174853659595,50.91075456741701,78.94862342527895,-77.45126208389108,36.89497556085715,27.918713486758456,67.99809998406892,-13.589960801644652,-41.90385052478935,-36.25650810680456,46.69605993820293,-10.302319488835668,-8.268838234084544
58,0.4462806498101257,0.5634108395809285,1.126821679161857,D,5,0.009815216064453569,10.47193274441332,-7.359531809552504,-12.715039245793053,41.73702316778736,-31.256138042506013,-21.343918577812634,-31.636427599186227,71.66264401233215,-11.27863737018504,27.379225762522694,-41.858377984909936,59.54405267874232,-72.84485702780529,-34.31180756758929,4.756946597675391,-25.340610950002024,16.42580946429807,33.7841578609691,53.32298533647574,-2.8870915616698163,81.6310854549892,-79.65409675435012,22.939951852200643,30.98035513978968,75.32977214115662,-26.39320852394343,4.229068066912589,-44.35407967821497,5.669939044161799,39.29066068124092,3.8668597270905307
59,0.4336522287351813,0.5563824728730095,1.112764945746019,D,15,0.0070568373339483514,70.91462859397086,-10.114957938653713,-9.062758856180585,41.737023167787356,32.188759832337205,-21.647326475249567,-75.44839371306102,70.61976291093738,-50.60269803018005,-25.462255041460942,-22.8946188281205,59.65386897350152,-47.99649055330993,-19.832251077714655,8.99719871034747,-71.42213666265793,-40.150480922855955,41.298849049701694,54.47916583884814,-3.086754917791744,81.72973988983333,-95.46186401355706,67.99679183557075,48.40188152487094,88.3854825252323,91.55573360436614,2.3333631909275363,-38.3474324856052,5.518971959928679,96.18443372272232,53.54787847462193
60,0.42088644565688516,0.5493694031554144,1.0987388063108288,D,30,0.00569326048571428,73.0250574496409,-10.434573350321958,-13.428729464845933,42.15054083183425,32.899401733827744,-20.19101810821775,-74.03409812771534,71.78247135580574,-47.69628755235698,-23.056396272574677,-20.322521748513008,50.79010774689459,-50.88658203565805,-18.69250719424222,9.032511869557748,-70.79306036242315,-39.8179267737395,39.788223224604835,50.53724765176747,-8.992746065529438,79.92094073459805,-95.5012320633642,68.06127253169812,49.87878245010206,83.78542877732768,86.75668166780757,5.171407982268134,-32.56894504629465,6.828649899807654,90.89370748752174,52.53295185711266
61,0.40792738909205184,0.542341121830183,1.084682243660366,D,4,0.0011960268020625442,85.61887854481368,8.760863461650262,4.924896129633175,46.73170341463126,21.555860092326576,-27.734035177159846,-74.03409812771534,73.02338672582034,-39.696875363571415,13.647335529706723,-37.197374863624376,23.581361741244738,-47.742141212294804,-18.69250719424222,2.3845406504374353,-66.55277825195988,-17.92393513946112,50.363236567785414,58.22483339918794,-13.979001916484258,81.92645677129185,-95.5012320633642,60.80122259722473,54.6587632766824,85.44373341633346,69.16530424055048,-18.668408515053905,1.2506739031497016,27.523934747118226,91.27002302297737,49.91349248586895
62,0.3948265117300366,0.535327952490584,1.070655904981168,D,22,0.004483386874198914,85.61887854481367,-12.094567501412135,-32.674690598805775,49.41985424398448,-16.522992177944143,-46.69826634813832,-78.88778465395372,28.847853381213564,-5.339564955882362,22.110809262596366,-33.429182382477336,21.861870787109673,-84.73949262819778,-38.300640173776415,-9.364436981379127,-35.31974396588064,-26.837207098340507,74.23088058994004,60.975136854518,-23.657975254734694,87.71315168001658,-95.99991207412717,60.61144902927081,37.80067101990117,86.94574451350734,6.425348816765619,-3.2382583734448454,6.707079298085686,27.834567090059508,93.06280639733603,52.98918769673081
63,0.38153982775870654,0.5283083666765584,1.056616733353117,D,3,0.007437858730554581,86.98023372359006,-0.8201997141161597,-32.674690598805775,49.41985424398448,-16.178292923825044,-30.64159859795528,-81.32350334874447,28.466694623399256,-16.260550154016055,29.023182207016497,-33.429182382477336,28.102889555782944,-84.73949262819778,-45.41890236095601,-9.364436981379127,-22.910321308906298,-19.332990142672017,73.71546939545104,57.16555328181086,-23.657975254734694,73.27549318670799,-95.99991207412717,56.81047237059852,37.80067101990117,75.33223195867262,6.425348816765619,2.5643463302449274,16.918334471339627,27.834567090059508,93.06280639733603,42.12741535772656
64,0.36806988478898595,0.521286541924666,1.042573083849332,D,4,0.009168470278382301,88.64316648306885,-0.8201997141161597,-21.0023628925772,52.778711417709296,-30.026936972010517,-35.24745650178777,-4.749258431476342,59.0231381461159,-41.59836432509971,13.015923785032768,-32.86413110960621,6.0066177234161415,-84.73949262819778,-69.59982241421997,-9.364436981379127,16.565185374727104,18.968769887010573,85.93373962809567,36.06802941281965,-46.75748259562954,60.750832974996285,-73.06250576356179,56.81047237059852,-35.68499615024199,78.23488036962192,-7.49461777694712,2.5643463302449274,-9.851157684699576,56.4235347279675,9.728575413925057,53.80144154222475
65,0.35441607759153004,0.5142647851240549,1.0285295702481099,D,6,0.006391763687133789,88.69759576384232,13.954962665804755,-15.30560400906598,57.51547193592677,-40.38256987692744,21.801737152543666,-47.05471466180845,37.538348611537714,-18.797594251576424,-1.5876745339330178,-63.79120402745579,-17.93539474500723,-22.04040803825146,-32.447847722230506,-8.685065439894283,16.01294058752153,-11.041846550873094,88.91086892762486,36.192914130799224,-46.780302333245956,60.38369998625538,-76.52139134045068,21.709712192277458,-28.903435232976207,52.71210198771581,29.98227792641556,49.25096855081248,-34.03350999306235,74.85177780504941,32.328125124736296,79.23548178930267
66,0.34058600687741125,0.5072494434829604,1.0144988869659208,D,6,0.0020284652709960938,88.39931928255616,11.271957054745341,-47.362056770904914,23.141226603896275,-40.49774961098991,21.27761839645157,-46.6414682698806,94.08235558765357,-18.797594251576424,67.06632494132582,-63.79120402745579,-55.2063900802694,-22.170485872546113,75.37802029268762,-8.949693498924653,15.65636252683282,85.97196158686215,88.91086892762486,94.47310198471833,-46.88312177064015,-70.15692923883485,-59.00655842183802,22.039723838289,34.965962357630254,52.671869688830114,29.98227792641556,77.4659643726578,-34.28840198556684,74.90919748614469,32.51235075121841,90.77995422212258
67,0.3265402266824641,0.5002233224792554,1.0004466449585108,D,6,0.005519390106201616,36.57121267972378,-46.527334441338816,-56.4379067736534,30.752199305053807,-57.97129416547351,-46.7041642089825,7.070616087702714,-15.245658139809391,-18.661816552977967,70.31114446053931,-63.88949157414999,-16.414500191972326,-45.453746916387104,76.10362300291519,-44.61575822398368,-34.52408393069152,85.67970051859409,88.43164666865857,94.50310713855791,-62.15544070497944,-48.15440041792537,-61.73052803114549,65.97944502592101,-3.3548479998977605,47.0856082433889,29.98227792641556,77.4659643726578,-65.44489485789398,82.94350152950103,58.27831248014163,91.08563035255254
68,0.3122941336539262,0.4931971971314835,0.9863943942629669,D,6,0.004388943155248182,36.707140539124495,-43.590472856371186,-69.46337805975371,36.99741476287934,-56.914560004547056,-46.80314876509269,-38.746978320852385,-15.814760810991002,-18.910217091359765,52.81952385330002,28.66685031013144,-17.648077331520756,-63.71868017296579,70.40485374542011,-44.812840144684685,54.19153918699648,-29.47732427325997,88.52891847851748,94.53565263472551,-62.15544070497944,-47.1969019921139,-61.7305280311455,93.23460571244352,-3.8104911268315287,77.49131838077348,32.30812011511041,-38.522665113742036,-65.65717603377237,84.292697212239,65.42523383137782,90.05264092774753
69,0.29784655036813235,0.4861731414335719,0.9723462828671439,D,12,0.00322471643958977,36.33875593161943,-48.634768418912024,-56.03337666260097,41.61822344242941,-56.277482005784556,-24.584686204173373,-50.15819150659776,-7.32354642060457,-12.559505644461442,51.759350457232486,4.7354529887829715,-20.61825498439823,-40.81622731171345,68.99726959286723,-43.200909252940235,56.62631370752093,-36.49027994352934,89.54293325330583,92.10130822139284,-61.98992111326366,-46.21533529716338,-60.91023931888901,91.52757198061997,-4.621056024433735,68.37323288383902,42.54799172229487,-14.367685426777697,-64.12236439953857,85.8320308657373,68.87590491121655,91.97816901534921
70,0.28320593244073866,0.4791578015192475,0.958315603038495,D,5,0.0018524115927784912,42.20640267071743,-49.287543706590526,-47.595425346142186,36.75008906618743,-56.277482005784556,-4.189446296563294,-60.73687385778999,29.88048256394583,-9.59070906589157,64.29485074600416,6.914419675690139,-31.903083643120453,-44.36399579011298,75.81777314042951,-29.589641569185567,54.38781508307923,-23.21263225716868,91.08244027762511,93.77013231079013,-53.591466903927326,-56.34371288471722,-57.21492617837002,92.58485019217383,7.392087599568079,60.746583813126435,31.828102933783843,-9.636760919961445,-64.43238027136869,89.71563002683524,71.29452088102451,70.50176449936919
71,0.268333486035474,0.4721359656145114,0.9442719312290229,D,5,0.009281982886676587,45.11563049848756,9.558050721367936,-75.99718537165667,44.82956018773842,-64.50810312516217,21.9952187791668,-60.73687385778999,7.177304506141856,-33.357274048412336,38.974591480263925,25.003087434468746,-5.344008642691076,-44.36399579011298,82.64611090211653,-53.962802625857854,54.38781508307923,2.747477773412675,95.98901756447705,93.77013231079013,-70.11626453075866,-56.34371288471722,-76.70726550883397,5.901702727945336,-0.7976011905485203,59.665868846907,15.874825372746162,-7.425464998828179,-76.38860915092593,27.30327080162537,27.178926224492606,77.10127198457104
72,0.25323145598571106,0.465111940068636,0.930223880137272,D,6,0.001480384245020172,44.52879063197231,9.062824915757826,-77.4145554020769,39.60150712812911,-64.75555320994819,47.87998698379207,-60.070919713742875,21.444163456200954,-33.357274048412336,48.87157947417183,48.526968759673416,-13.110976482564062,-44.460784938795165,85.18847311612937,-59.64610854083248,54.413880920249944,59.02109095896316,97.28161787363604,94.19658933439182,-81.32563131769167,-62.01286043181412,-73.03492992366037,-21.354812599737635,8.229566377554029,59.43775959569137,16.005244861108128,3.4628485258712347,-76.52856626995495,27.669136685264622,0.22882897416314615,79.35118661899311
73,0.23792266350548053,0.4580988314526629,0.9161976629053259,D,3,0.0074209564366900516,36.75339707630201,5.191258589018794,-77.4145554020769,43.174933291277775,-44.93936639197186,34.35054568012157,-62.88568973721355,21.38908010458912,-33.357274048412336,46.669613945947404,32.709516443357465,-13.110976482564062,-48.47901092838531,73.02810689553661,-61.861379929686954,54.413880920249944,59.02109095896316,97.4631623419809,94.19658933439182,-83.01848533646991,-57.8051335823256,-73.27423478621631,-12.402977760017722,2.8085627693828363,62.67753134621551,16.005244861108128,16.02823560855369,-70.63392320260436,25.02543360514075,0.22882897416314613,80.04069193372632
74,0.2223705456145958,0.451083510386375,0.9021670207727499,D,6,0.005823969841003418,-10.463910058549516,58.68389902711423,-70.7906053655464,48.371760165059044,-51.624294348148524,31.770532014783917,-79.21189395096809,19.73024697607726,2.913869277291692,37.4944669780388,-68.12444116495334,-23.734623358103626,-51.83132542699843,76.96698226400956,-90.24926513173816,36.83623084329525,12.766023873486986,78.20518140874725,61.6791609451699,-83.01848533646991,-53.1660055464165,-75.78326234810945,-2.5583231781777647,-87.23402752298882,49.14619122539076,24.01483739014312,10.05554885005941,-70.70343035577173,14.260397712200632,31.612081626077785,80.04069193372632
75,0.20656754002074784,0.4440660430757445,0.888132086151489,D,4,0.0034267902374263137,-10.463910058549516,59.93760440800439,-74.31954041525245,52.15439456589377,-46.55156238732257,26.16525215231867,-79.21189395096809,14.599708032992258,2.913869277291692,28.45011452421604,-69.64032160024504,-23.734623358103626,-51.83132542699843,73.9753738659781,-90.58416527647682,36.83623084329525,11.375836624699247,79.97852229494077,61.6791609451699,-83.57930221093888,-53.1660055464165,-77.49137990450926,-8.960301692297557,-82.61755974908463,50.59226474451776,18.510929184092873,15.94880686506946,-74.31513148290563,10.668329397218844,28.042531605318334,80.04069193372632
76,0.19052135411866467,0.4370529375136785,0.8741058750273569,D,3,0.003301262855529785,-10.463910058549516,42.024176120488434,-74.31954041525245,61.08578195483887,10.897986112421506,-18.58239792688368,-79.21189395096809,33.72981832251909,2.913869277291692,22.45563643912767,-79.84141077859789,-23.734623358103626,-51.83132542699843,36.62779172252249,-92.86912764169239,36.83623084329525,11.375836624699247,79.97852229494077,61.6791609451699,-87.41088746888073,-53.1660055464165,-78.12163592438642,20.532305844401478,-82.61755974908463,63.0433035896548,18.510929184092873,50.466632924036325,-74.31513148290563,3.43783039113301,28.042531605318338,80.04069193372632
77,0.17423365205029628,0.430048509002849,0.8600970180056979,D,3,0.005346566438674483,-10.463910058549516,42.024176120488434,-19.00085310143644,71.25560077945433,10.897986112421506,10.194266532086429,-79.21189395096809,33.72981832251909,-15.336614640250207,22.455636439127673,-79.84141077859789,-35.835677873488095,-54.52883393621359,36.62779172252249,-47.86528458477271,36.83623084329525,11.375836624699247,79.97852229494077,61.6791609451699,-87.41088746888073,-62.3456819414279,-73.13411412893862,-9.842541624367264,-55.346036601335,63.388240777993886,18.510929184092873,61.56236519086365,-74.31513148290563,3.4378303911330104,0.555428915316293,80.04069193372632
78,0.1576291442180877,0.4230244919900079,0.8460489839800158,D,11,0.0029507316648964554,-10.855164724138323,42.024176120488434,-7.55749907370253,75.1867705600949,11.497702203279161,21.475525008209402,-79.25119530635739,26.269284711057843,-28.393954059468705,25.92145944364548,-79.28750954376285,-40.85461762156335,-56.255591502452575,36.62779172252249,-35.13214940614842,36.8284436416612,11.627321604140615,81.02691584553595,61.2453129110942,-77.51967962275893,-67.57003186568517,-71.12777436920479,-27.535040163113596,-31.818958523036535,63.5706258851218,19.022809729243438,65.98912684390793,-74.37152260783952,9.726046902592994,-10.763516315769921,80.04069193372632
79,0.14073909476268875,0.415998334667294,0.8319966693345879,D,12,0.005158953339559513,-11.984940376649792,27.846105784103774,-0.6343844585659202,78.57949981494724,15.839633423915783,28.154121527752988,-81.62005887333382,20.342253824220784,-54.93071932864917,30.53038417152209,-74.40356973345547,-47.273228747016354,-65.36691614632655,-10.863301581693392,-9.39072157118273,35.416877545347404,-11.961598480113434,87.45890926753529,65.19117624487636,-56.901131591516375,-71.13422418279589,-75.55437269067097,-41.01774096817649,-17.189856136391008,65.0382430285282,19.523213084802595,70.59633449644357,-72.11518457347884,-3.6560470584175264,-20.80566030790488,82.43833389846492
80,0.12356444888079532,0.408974394684,0.817948789368,D,5,0.005966243334114996,-11.984940376649792,-35.18785335439614,-39.17169601855642,75.67772490191165,15.839633423915782,66.63394042560832,-86.97652972873706,38.207023316514636,-73.70911429028632,46.32243160690997,-74.40356973345547,17.691709469074198,10.9731102475846,-41.635702972946575,34.665178293399244,35.416877545347404,-40.055994128788896,91.95719015323436,86.75481240868287,-56.901131591516375,-91.37405550977675,-66.1482234828674,-72.3414453211735,-31.061871705609807,70.08887519053826,19.523213084802595,81.57923262173912,-87.48180108869028,43.45129362564752,-55.25652396088142,84.69684020868475
81,0.10611724629837438,0.4019611780560419,0.8039223561120838,D,4,0.006016152721713297,-14.605528005951466,-35.18785335439614,-21.25402861960789,78.2565023371184,14.650307526527875,71.01512126019261,-87.48463537476418,34.659593409047204,-75.60063217487885,46.32243160690997,-74.40356973345547,10.115596774437703,4.0083237583950595,-39.30902420767086,41.0513684159239,35.416877545347404,-40.055994128788896,92.25446215177972,86.75481240868287,-57.29937819285763,-89.30920873873626,-64.26080331868195,-75.45319098357811,-25.032396861139034,70.20213723033103,19.523213084802595,83.25329098050739,-84.01702380547927,43.45129362564752,-59.15333359627674,84.97965187412855
82,0.08834891486733676,0.3949436966095999,0.7898873932191999,D,24,0.007648353392142315,-8.429726347233656,-36.78289519998867,50.3378705842737,80.6506744622601,-14.197708758266728,91.7857083051741,-77.52664040899764,77.87271554509788,-78.51789930168778,-63.33527475096614,-59.45757379825531,-4.767627156888573,-17.6543855722168,-8.274089938253294,48.692345250699276,30.053995804868748,-34.77088018898133,83.48714492314944,95.20529185139034,-39.12944928556678,-39.514841863075155,-63.38911075380891,-61.595527381239386,-8.512910207642939,94.2843115653958,12.705822762879183,63.40811064467495,-74.91575960967083,51.185690694077074,-72.9456201704895,82.73424546826173
83,0.07026497008072019,0.3879283689694599,0.7758567379389198,D,6,0.004334710930052665,-8.429726347233656,-36.78289519998867,30.82404436346181,80.66502729691041,-45.71578076460297,95.60055012950106,-77.52664040899764,77.87271554509788,-78.52871225101954,-51.45417368573846,8.649374107007048,34.475926619275356,-17.876153421234125,-3.3416776392830356,21.508208221516302,-11.747566274908058,44.17246481708544,91.16555827626897,36.95022141505051,-73.07647343125754,-49.041735937205324,-20.86314542101067,-75.22004750491149,-8.4669147215885,94.29268699773476,-20.28029494965234,63.43137601098014,-74.91977733349049,69.49039633759773,-80.88578697189497,82.59765957382973
84,0.05182471408488831,0.380904332302245,0.7618086646044899,D,4,0.009371545424045724,-8.429726347233656,-17.618939873714314,8.965164425680188,82.61193093840475,-51.47128345041305,95.81794421021368,-77.52664040899764,60.36077326356373,-78.94755923671131,-55.86596308929016,8.649374107007048,32.12879649170466,-18.382052903003753,13.093576793404106,23.522896932436737,-11.747566274908058,41.44283369302126,92.2694962786787,36.95022141505051,-73.07647343125754,-50.14043213317353,-28.58172533901913,-79.94175680803352,-2.577877420018582,93.56283427694567,-25.713921947552485,64.74787081187574,-79.66823998035032,63.714236021631095,-82.13331276294048,82.59765957382973
85,0.033073421785985935,0.3738933919804615,0.7477867839609229,D,7,0.0027776935517782597,-8.39188005320051,-17.64117311940815,12.910431964462447,83.72871498347615,-51.55784679911052,96.73821792357154,-78.26633643122003,60.34416624928831,-79.84698636352317,-51.856063424276975,27.122579139031327,27.262514357786422,-22.312522910682063,12.68628997359706,19.558377820497462,-3.1433747239077583,43.855573412026814,93.41090808088524,37.064517523890046,-77.76433219044509,-52.44995146818449,-27.6689171466317,-68.98434404604284,0.6093718645571367,93.96612459956788,-22.65443291656485,55.045267938053115,-79.68315123980858,65.90090578165164,-81.88130131080717,82.60234211376073
86,0.013928287052032529,0.3668694660444255,0.733738932088851,D,4,0.009098301675841025,-8.39188005320051,64.94435243689514,-92.06145765650339,89.59439434986402,-77.29285650210446,97.10953853635847,-78.26633643122003,-18.75453958638196,-79.84698636352317,-73.77884748819203,27.122579139031323,27.262514357786422,-22.312522910682063,82.2647157740202,19.558377820497462,-3.1433747239077583,30.208498893522645,97.53646299375899,37.064517523890046,-77.76433219044509,-52.44995146818448,-64.72261853041172,-94.28852544714775,19.4670535856593,90.28594719150306,-49.069444121624485,57.604086747185846,-98.95703423476044,37.571717371767924,-85.66278780948701,82.60234211376073
87,-0.00557284088023402,0.3598519951941469,0.7197039903882938,D,6,0.008652592671352988,-55.55341438633492,45.48454448187506,-92.45997934935544,92.64760858156687,-78.10864262588701,96.73224515166329,-78.14753534736526,-18.75453958638196,-81.61347989966589,-43.661872045753924,23.006250760425896,6.690621653510313,-17.00873968218121,59.378921766958925,75.38115498166506,67.08068435925897,14.600835334326247,97.27822360885598,35.266824173477865,-77.76433219044509,-61.255236847006984,-62.120749750285505,-95.60261973934001,18.573865127729075,87.00962961926712,-48.063849545055994,-29.615080176531094,-98.83009099055766,37.73901160582568,-84.94898187770882,83.25506500430662
88,-0.02544295875824787,0.3528410107953045,0.705682021590609,D,44,0.008529909364370258,-23.65820479496553,38.48169831426887,-94.43752154250174,90.46299259474647,-49.69845548501853,91.75185683051572,-54.86695255897377,29.54116488002598,-66.22263233200431,-26.954706048279373,-39.80521558939106,4.010143984099614,-39.17861489206893,62.03701229936253,52.821141542178516,63.087819163170245,9.864946714214458,49.13857951491025,73.67824390099217,-54.338454508492084,-45.68466642057468,-56.26450514433437,-91.59017161537672,25.677383404218904,86.89186471538322,-43.90610781315506,-14.528551180692562,-91.6003170043634,29.9953111748994,-81.32844329878306,70.78045411816201
89,-0.04574085137204098,0.3458213166917374,0.6916426333834749,D,46,0.00875316145220495,63.97686160789725,19.895705623253246,-95.64841591004279,57.81006458134085,11.412556434255857,26.293189669667225,-63.95851538967001,56.21508915721634,94.87225963776604,40.8714025820113,-52.807878652408206,28.045172124630064,-25.575467954431147,-96.47348309718141,93.78218904503183,-67.64967014004803,33.73128108499678,39.56184498088965,86.72572916936562,-79.49916862362379,-12.905607419385964,-55.97073650624043,-96.85594982160126,10.668988886026098,23.772847324579267,-90.9206062379697,-59.24992914118742,-17.480808058821374,5.618850767766316,-35.25043774716975,91.3346439799592
90,-0.06644594224014488,0.338805993741549,0.6776119874830979,D,6,0.0028129517856996245,35.183524637522666,80.75971326867348,-93.4276530888455,-81.36297930997273,-22.004513008483016,70.37095338480908,-91.27091292199991,65.08756819932663,-68.1957560562718,21.900251169287998,-19.714916257374203,10.05801099829942,-53.585674283819294,-46.32792703251541,99.3770975664947,-80.58720912756719,-33.256398984982326,63.73226272557686,96.09661851406125,-83.18839353578602,-40.76882889186153,-52.756064121028984,-17.892770426385994,-18.09918247430974,-99.85092173665903,-81.98074111131851,-32.148049638692285,-18.59821879849464,45.248999811559834,-96.46649451263065,80.50143604761381
91,-0.0876030018010081,0.3317863054902569,0.6635726109805138,D,5,0.007433064381444421,5.694444622701513,28.0808646650753,-94.8027982138271,-81.36297930997273,-24.852467330734406,73.83298636653169,-92.55517134191118,19.619984418532958,-74.13724246300887,18.25661826755767,-21.81072049712463,23.322479430727057,10.459146148890976,-51.374989167635476,90.21480954733475,-81.95546584851554,-56.19872724529377,60.11553789692688,97.81235513659195,-77.23646346668554,-49.34015638834484,-29.1039543930422,-25.357641206314497,-50.13496988173151,-99.86493156053265,-82.65939624017875,-36.12325960465663,-65.54059046667122,55.08236396282345,-96.46649451263065,81.78299526251404
92,-0.10923084816395456,0.324762284215976,0.6495245684319519,D,5,0.0022108205596391706,1.2982589225597643,34.508912058293845,-93.38777940205316,-81.36297930997273,-24.799836215059997,75.1049498738804,-93.59870706647544,-0.3032489660040151,-76.9319021430493,18.770252947935937,-39.65868552273431,11.844836010199955,13.102774472578204,-33.75156894999893,88.63682285721696,-77.79363430305753,-62.612077933961565,53.285511854981166,98.09426159716377,-73.373718704293,-48.3793636965017,-5.87042896006789,-30.359862191754303,-44.91619484371376,-98.42681722089364,-83.21139259514896,-28.98426544428017,-67.1262473783726,30.466455006954416,-96.79446200484003,82.50794316565236
93,-0.13131645747589227,0.3177447199218695,0.635489439843739,D,4,0.000794221564660802,-28.018941125365327,40.369822256509465,-89.8112508057497,-81.36297930997273,-26.031015186897505,76.40921351057241,-94.46592304102344,-24.336587794139167,-80.09333699426476,21.02365681425428,-55.0858340808625,11.499870241320082,23.843697246017825,-26.095673979793702,73.2375176928202,-69.38232884740546,-66.60143157617682,51.05607149702801,98.6463224779039,-69.61352735122537,-40.379576324945276,18.12878260078096,-35.362187534627864,-47.787741210234394,-95.04964771391433,-83.85598648696042,-23.902477133428604,-75.56358440314413,28.909478086192866,-97.09236454557006,83.57799837158996
94,-0.1539216776885406,0.3107207034317849,0.6214414068635699,D,5,6.2590667373463305e-06,-31.443598627311697,40.369822256509465,-55.2463949382289,-81.36297930997273,-26.890449563417693,77.28632633527927,-95.50215348700145,-43.237294551081334,-37.62992873046073,-8.421230119890488,-60.47704985951279,28.851139259806303,-13.232740877710487,-23.75153566890488,26.093812563388436,-65.04308614133,-66.60143157617682,48.09688620836654,98.78527117310958,-72.96059331592753,-24.692157738460658,18.12878260078096,-36.11320443983711,-30.321176025184453,-92.23425547494028,-85.48727866776306,-23.902477133428604,-75.3290078858941,12.84626799353345,-97.21255778116858,84.65167593379134
95,-0.17707196458611674,0.30369027233544,0.60738054467088,D,5,0.006145658759948436,-34.2569552768121,44.83540675420224,-55.2463949382289,-81.36297930997273,-34.55389030176032,78.40874644238892,-94.42195941096378,-33.34479790102348,-42.300698362899944,-18.810140749863415,-66.31427460369898,28.989844936782916,-15.849208835228396,-14.634357272733372,23.16649205148974,-67.56493410533486,-69.58357416695327,53.934374122643405,89.99255290666969,-73.98661624406299,-26.72830036452726,35.22861906346253,-15.575957170973696,-33.22642030121439,-93.9689810396346,-87.28330467743194,-16.408055140649168,-73.22405547474615,2.506579803968039,-97.75512866373795,85.7642136241205
96,-0.20071143069497843,0.2966771079311009,0.5933542158622018,D,5,0.004087648371751573,-14.357192184723912,20.658271719198197,-54.49693544866807,-83.97214178711988,-48.28491101032911,78.40874644238892,-91.7203637988855,-17.510966015821666,-25.168283996564213,-75.60144485806279,-72.81246984314963,10.123209297750968,-51.30377557296909,-5.683569024794192,2.3214697801914026,-76.04800022814669,-76.99793939556713,49.103332292201486,41.62856871901498,-75.99591016105032,-15.698681237127378,63.11775291558683,48.2270041529072,-33.22642030121439,-97.62469167747435,-90.80751734248732,-5.180120149649399,-73.22405547474615,-59.923591659181426,-98.62108284018665,87.18887009564587
97,-0.22495331402258723,0.289655217623089,0.579310435246178,D,6,0.009499020581017259,-70.05594554137338,20.227320692945543,-53.95938329809773,-83.99368807564304,-48.4716162591366,78.45023728227572,-91.73925759574597,-17.094829238858974,-25.191953751066993,-74.9210324530917,-76.98522377195556,71.43601502389595,-50.46042414094355,-5.291009660924028,-25.995639460032564,-85.80467358019439,-76.99793939556713,64.61126367213224,66.66229863488985,-79.13668494727446,-5.272854256127826,63.11775291558682,48.275639452423256,-33.067982262224504,-98.91818634708103,-90.85479610822141,-5.180120149649399,-90.04806327758656,-4.091341038953939,-98.63053890028773,87.22291195178471
98,-0.2497583163899706,0.282644253584599,0.565288507169198,D,4,0.002148030119201394,-65.17287251711383,20.227320692945543,-53.959383298097734,-83.99368807564304,-45.40538998471372,78.45023728227572,-92.64912597487837,-17.094829238858974,-25.191953751066993,-75.09367552828058,-82.41378713107234,87.59699946683669,-54.89380606347413,5.218895626136951,-32.33555386631882,-90.62354845969452,-78.97726054934017,67.84416380515145,78.3985711629382,-81.49750197107096,-9.72121799041347,63.11775291558682,44.19273415374447,-18.869406616260875,-99.56423359855802,-90.94922918965625,-5.180120149649399,-95.33756795418554,10.82415909759182,-98.63053890028772,87.22291195178471
99,-0.2752350893836799,0.2756224074962265,0.5512448149924529,D,3,0.0018120598995210457,-90.69408892230021,20.227320692945543,-53.959383298097734,-83.99368807564304,-45.40538998471372,78.45023728227572,-92.64912597487837,-17.094829238858974,-25.191953751066993,-75.09367552828058,-85.4107929391008,97.10862042261766,-54.89380606347413,5.218895626136951,-53.091775301142484,-94.93791994052305,-78.97726054934017,78.80402520979155,88.70612872936373,-84.33534346782325,1.4978590228835882,63.11775291558682,44.19273415374447,-18.869406616260875,-99.83157825114903,-90.94922918965625,-5.180120149649399,-98.67472822313906,45.77763002156007,-98.63053890028772,87.22291195178471
100,-0.3013692228794287,0.268602765366228,0.5372055307324559,D,4,0.00607640726528258,-97.10259471673287,20.227320692945543,-53.959383298097734,-83.99368807564304,-45.40538998471372,78.45023728227572,-92.64912597487837,-17.094829238858974,-25.191953751066993,-75.09367552828058,-87.74726781588066,99.1923773198327,-54.89380606347413,5.218895626136951,-66.61408659046124,-97.12680119029781,-78.97726054934017,85.59313477269731,93.77055545596906,-86.59318165321841,10.962983895319658,63.11775291558682,44.19273415374447,-18.869406616260875,-99.92868068171319,-90.94922918965625,-5.180120149649399,-99.56615087785806,65.75028314630386,-98.63053890028772,87.22291195178471
101,-0.32817848972961383,0.261589543023111,0.523179086046222,D,4,0.00821600024156055,-98.368657523098,20.227320692945543,-53.959383298097734,-83.99368807564304,-45.40538998471372,78.45023728227572,-92.64912597487837,-17.094829238858974,-25.191953751066993,-75.09367552828058,-88.992385749041,99.56169369779369,-54.89380606347413,5.218895626136951,-72.72088122023844,-97.91512925756399,-78.97726054934017,88.52117498211086,95.5430499818243,-87.81933780593778,16.39172829948002,63.11775291558682,44.19273415374447,-18.869406616260875,-99.95477147183601,-90.94922918965625,-5.180120149649399,-99.7513187179299,73.75530217753564,-98.63053890028772,87.22291195178471
102,-0.3557526133473734,0.254569973791712,0.509139947583424,D,16,0.002597160732023429,-90.84370057284391,18.554597614679736,-44.39594159099198,-84.17468692301136,-44.470578951381995,78.85259934517349,-92.68378239744266,-17.094829238858974,-51.88447640726525,-70.76253954351017,-88.992385749041,93.04106060981289,-82.78792297126108,-30.832354283358843,-72.57282491552289,-96.52963131677285,-92.9693571269468,89.70961275855126,86.42151337299407,-86.6118475659095,15.54562941189856,-47.37234073479421,44.400032054435115,-15.628111297238995,-99.95651320229136,-90.15810125846383,-5.180120149649399,-93.92399973767145,73.51436511558877,-98.69641495499155,87.22291195178471
103,-0.38410895451359117,0.2475503484514664,0.4951006969029328,D,2,0.008147332287308462,-90.84370057284391,-59.68752264973547,-44.39594159099198,-84.17468692301136,-44.470578951381995,78.85259934517349,-92.68378239744266,-17.094829238858974,-51.88447640726524,-70.76253954351017,-88.992385749041,93.04106060981289,-82.78792297126108,-30.83235428335884,-78.60650159178171,-96.8072469233583,-92.9693571269468,89.70961275855126,89.68018714418825,-86.6118475659095,-23.737919378809075,-47.37234073479421,9.745757985370929,-4.065878582866981,-99.95651320229138,-90.15810125846383,-5.180120149649399,-96.35427826483807,73.51436511558877,-99.37424526907503,87.4784409295879
104,-0.4132737371080957,0.2405351078401079,0.4810702156802158,D,18,0.0002163520632616489,-60.66948046708954,-72.23551348826024,-32.84899183793962,-70.28286880808362,-44.470578951381995,78.85259934517349,-92.68378239744266,21.85976732184219,-77.4105575687541,-77.76179410928424,-92.72862659319614,97.4955076587908,-85.70209305002464,-48.08171337932194,-88.08673059584964,-97.23187134544044,-40.01919302759846,95.71237419265711,35.86308294562105,-89.01020225481561,-47.45840744242851,-85.01681162168566,16.318065370579742,-14.379368991562247,-57.407055142901,-89.23441483647946,-5.81681020846632,-96.35688252478775,74.01380077178516,-98.98617169728442,87.49633005945788
105,-0.44333411767848174,0.233515471818791,0.4670309436375819,D,5,0.0001854377824201947,-63.49117222186079,-72.23551348826024,-41.64614659495858,-70.28286880808362,1.985247107663842,78.85259934517349,-92.68378239744266,21.85976732184219,-80.10086877765927,-77.76179410928424,-90.55462535433202,97.68354480528208,-85.70209305002464,-48.08171337932194,-12.283256001749258,-31.585919558441717,13.343109205123362,7.282949720371102,38.8593294613367,-50.907629161729254,-45.98225156549277,-90.37012298764843,16.318065370579742,-14.379368991562249,-59.96535589864547,-89.23441483647946,-5.81681020846632,-96.61217257947325,-9.958792574478746,-98.98617169728442,78.56430829888853
106,-0.4743060051489514,0.2265001372559039,0.4530002745118078,D,6,0.003135180309641772,59.85620513721454,0.8317953103495024,49.54204783029047,-70.35101678024294,-0.5240727388432428,78.16269348999644,-92.72663737588934,73.55626020972709,-80.10086877765927,-19.146936390016325,-96.56809259032468,-17.00920188885789,-85.43678672187362,-48.08171337932194,12.399464706138136,-31.585919558441717,13.343109205123362,56.89863621323154,38.768140877551176,-52.80840342807261,-45.46085174573376,-90.37012298764843,25.01488676000535,-8.965578223358305,-59.984619489292484,-89.23441483647946,-61.72170514403641,57.928798859431765,64.05176806879341,-73.3912205928318,78.48777565427126
107,-0.506279330269968,0.2194826712861865,0.43896534257237296,D,4,0.000853047282703745,39.25998458770551,-6.027486674634737,56.19605750232215,-70.35101678024294,-3.5425844031935423,82.16298392099617,-91.77699531112142,57.89637384030816,-75.0382385514736,-17.03357463876335,-54.710181514445964,-20.07887840711875,-63.37920259908586,-45.3181000946681,7.026557857247431,-25.175681606166133,38.122142493351106,52.666820700554865,38.768140877551176,-32.424078784751785,-43.07868868057422,-85.79260594679604,11.41328965365893,-13.711248249953952,-57.025851524008594,-89.23441483647946,-61.87890649571352,61.132182878115636,47.407919334649705,-79.47190907302081,80.77936738978218
108,-0.539360720733483,0.2124543251632044,0.4249086503264088,D,28,0.009430820284591857,-21.16732896323961,-6.027486674634737,78.33671013575042,-81.8144092486746,-10.47604854422,68.70478248650211,-96.76366829560787,3.6705757517979283,-89.64927371819782,0.214941249350332,-71.15007832217351,-20.07887840711875,-95.97678797208732,-34.67121042895812,17.48571096765359,-42.83018972710826,-54.00832062237102,73.89092100293544,8.444709238018248,20.01000080338408,-36.6293573885395,-76.03978917173313,-25.057009071075296,-29.645019467789595,-60.30963775288356,-90.27721641668357,-72.59047907262477,68.43908828091445,52.97201796735297,-32.1207563038771,74.78340772049533
109,-0.573530389628351,0.2054346912381835,0.41086938247636695,D,35,0.0017902860349754413,11.566679399077023,7.754738734177968,70.52110915516687,-83.19164629308942,-16.21391664797967,71.31634685914096,-96.80258966286135,13.482095140861006,60.045595420992484,1.2520146149407254,-22.397299793291534,-4.164636563282524,-73.9246066644308,-29.27936838167505,-24.77725199277768,-86.42483006688656,44.088973464177485,79.14978134608276,-78.06695366080227,28.104960000804148,54.171037136175826,-63.07145540676841,-81.33692314006595,-84.99368076522691,-86.61076714587062,-91.06021134837769,-64.80446149311368,53.54537062549453,59.63207926688687,-35.11400971083336,75.69320097283085
110,-0.6089194768847996,0.1984150533483514,0.3968301066967028,D,43,0.004121435662341355,40.33622191199906,24.789492723698153,45.38636344940126,-89.69058982927945,-14.32736130724838,68.61418459102725,-91.53463496905546,45.48862817728564,80.19894148197076,3.559383174132412,-11.530274795316362,-8.33226374497053,-58.8828964449331,-40.48554163440426,-43.34654325471308,-94.08357635162366,49.521974178816905,83.43560121689299,-78.46771528605318,40.692113182845915,74.16206487753658,-70.26008110511151,-77.79232110282612,-93.10309169745192,-83.1759403915424,-92.45887294024203,-66.31726931276826,69.33006252146424,44.73184947668711,-24.552865585081076,69.48545142323667
111,-0.6455249998329684,0.1914062358786519,0.3828124717573038,D,72,0.006585240364074707,39.37138015259469,21.706591071237796,37.31579448943175,-93.356097156402,-0.9044618825387614,68.78146779444089,-94.28576387494581,50.40327249178776,83.52998386414197,21.159635180103386,22.03706480143024,0.9010748185972187,17.293823156652717,-40.3588539942771,-36.78506958417455,-84.52324882878528,85.94905534917373,52.26440991193661,-86.56014732550003,45.597566253643635,90.32404803602361,-48.32689791773882,-82.77929218656419,-97.82315919569544,-94.40874467437227,-95.0354397104454,-75.42988339250743,53.79331021685377,49.82091753361921,-20.00837793927904,69.34925579912974
112,-0.6835715167622105,0.1843909282329245,0.36878185646584893,D,8,0.008983326508939626,41.533740158595364,32.839960459214524,44.53154808765958,-93.60062183826827,28.01694467032636,59.51043023606851,-27.387623449386645,46.086897285424534,81.19299738239809,7.881977413540442,-83.55034156686713,0.801287160619325,27.208742639000118,53.674704730379645,-83.04960121071696,-84.56108849145147,95.21625804140065,76.99884532247198,74.7637427426512,62.634081441934555,80.2447685218477,-48.3551589188692,-91.6530126221315,-46.12873509497001,-94.29888208389457,-97.55076887361835,-75.2047330677769,53.36423783720988,49.78002113905163,40.32412578453169,-19.147136347545587
113,-0.7231476708525864,0.17737125365413,0.35474250730825996,D,5,0.009165694881872799,65.97151620244098,32.839960459214524,44.53154808765958,-93.68435387393527,-44.00913685931659,-11.450921269015554,-24.040603065374107,50.169833608796154,81.19299738239809,65.73682036492528,-13.902594959008294,-34.80967572975397,-11.965056300826515,53.674704730379645,-83.23298466993914,-93.44948109500851,81.6390429534377,65.78288432591964,84.9999840336726,62.634081441934555,91.63860206932674,-61.55616616584857,-91.6530126221315,-46.12873509497001,-96.98492936694879,-48.43892948250717,-75.2047330677769,-29.25850522687268,49.78002113905163,41.8920674889493,15.019110713132454
114,-0.7643419539082832,0.1703537570852834,0.3407075141705669,D,5,0.009220814039053948,65.97151620244098,32.839960459214524,13.359508246078954,-94.00173389371675,-59.48227536883147,5.00125420792229,-27.61921478129485,53.05509957445553,83.96925175281429,65.73682036492528,-26.365623405779353,1.0156342810227912,-11.965056300826515,58.0801178173735,-83.23298466993914,-95.45303564759286,81.6390429534377,68.47170896268017,51.84563437615941,62.634081441934555,77.78662375304243,-42.8911196415158,-85.66191381369761,-32.22828250383446,-97.5410338054102,-37.00036361277234,-75.2047330677769,-39.701231695675176,62.7478279128793,41.8920674889493,15.019110713132452
115,-0.8073050373641257,0.1633362590848759,0.32667251816975185,D,0,0.0032929599172746293,65.97151620244098,32.839960459214524,13.359508246078954,-94.00173389371675,-59.48227536883147,5.00125420792229,-27.61921478129485,53.05509957445553,83.96925175281429,65.73682036492528,-26.365623405779353,1.0156342810227912,-11.965056300826515,58.0801178173735,-83.23298466993914,-95.45303564759286,81.6390429534377,68.47170896268017,51.84563437615941,62.634081441934555,77.78662375304243,-42.8911196415158,-85.66191381369761,-32.22828250383446,-97.5410338054102,-37.00036361277234,-75.2047330677769,-39.701231695675176,62.7478279128793,41.8920674889493,15.019110713132452
116,-0.8522399789591684,0.1563124184033374,0.31262483680667486,D,188,0.006429195404052734,78.21643778497324,33.15243739395066,15.303137542940735,-93.26377452031365,-59.853464531819455,4.959396185891594,-27.215193798040147,53.185510459284245,91.08375411437457,41.79363751137319,19.08046449717191,14.974268566733443,13.764664118417038,48.895403298265705,-87.0731000912388,-54.66692428300345,81.49728952984816,74.94794520318774,-72.58065342314092,62.84356443032675,95.63025985198782,-53.448579256938956,-63.98076622764183,-92.40205743541568,-99.27029746514228,-36.31471302412149,-74.55698451656971,-37.79643394937419,62.6588426652508,41.088451939230254,15.055377966764897
117,-0.8992916440745176,0.149288245925599,0.29857649185119794,D,76,0.009898424148560014,70.21105969438793,28.606869697941292,11.766096436276174,-93.23989102447551,-59.97217323654442,5.179434264661157,-28.2810176606573,52.295463381178095,62.056513012945224,47.925638341162,25.21065759049203,15.408115889380525,17.494124621239436,48.688537712999604,-88.25523018318785,-26.78328465840076,71.91082150005775,73.53531372025411,-75.89688763463299,68.89258063289036,75.56292813064933,-55.439087339476366,-66.7544491689711,-68.36083939532193,-99.33652982257425,-34.84401638611096,-74.3694287426824,-37.31085756855233,64.98895380207027,47.83681354785364,14.05304369413062
118,-0.9486164510795936,0.1422707842722329,0.2845415685444659,D,11,0.004226922988892046,70.18810995791111,28.60916722269274,11.762634533429456,-93.23765169286527,-59.98147767224185,5.1595291408546515,-27.78436839591089,28.32040159505476,62.057694370197105,55.117339427695725,22.356607555246374,27.455560579615273,33.01267659641546,48.68048183384589,-88.25657285620886,-26.785558556735538,71.83088898206768,73.45849625564318,-67.04809902366094,72.48291612168867,75.56631887300476,-55.42905891119776,-66.75905899541783,-68.35501914704989,-99.37858694131162,-31.224447831759484,-76.24293849452788,-37.2924221537821,64.95074691821034,47.80824292543292,14.065461553793668
119,-1.0005172534872737,0.1352511384341865,0.2705022768683729,D,8,0.0011146068572998047,70.23657009501008,28.14190431281213,11.638977119065954,-92.90911182482625,-60.10912075639172,5.037551246614113,-27.78436839591089,28.08232655023804,62.07177337244612,55.19403711122395,22.461707010630224,27.63436196740092,32.92139411243754,48.85567556330226,-87.83744207298808,-26.589167519804644,71.46108005487694,73.1415598367643,-66.88656092471,72.26006649093091,75.63626792414092,-55.44204994345075,-66.49917060075602,-68.45130596840856,-99.21518617499196,-31.18171614983799,-75.9065333923347,-37.3745784878773,64.8369743320274,47.80824292543292,14.129797060586961
120,-1.0552049877549292,0.128238028506559,0.25647605701311793,D,47,0.003202199935913086,70.31856079808288,27.55044499496337,11.381019051430016,-92.50839178122882,-60.123777173922136,4.967869536198531,-27.80679862703102,27.86762667098644,62.05498391457154,55.26880754036962,22.609747037810145,27.922662814270133,32.80286322366505,49.08240429999381,-87.33417144534636,-26.341721353215576,70.96883745798714,72.75273001440512,-66.61732743604914,71.9028076341778,75.66373835290625,-55.46546637604587,-66.19858384205915,-68.50134272147864,-98.99545982367832,-31.067749072431194,-75.49520392281946,-37.38144094425653,64.70714052036617,47.81565373325468,14.214816772025404
121,-1.1131156366524109,0.1212181858837914,0.24243637176758281,D,10,0.0015480518341060012,70.40543042513693,26.73416489229637,11.12104424506726,-91.91935569771931,-60.35277856943536,4.748651261479268,-27.80679862703102,27.384909940860144,62.080334662416895,55.406434020868105,22.82197842668708,28.262713394875682,32.65803559727915,49.39536640190725,-86.58873854837104,-25.99019208021742,70.30634492688114,72.18441469551618,-66.33093641636117,71.50292119506207,75.79457961520481,-55.48881551170994,-65.73223313072091,-68.67885569180785,-98.70263761433783,-30.991044786546937,-74.8125549475042,-37.52915164891613,64.51594834854427,47.82868438716578,14.330450129246689
122,-1.1745720210994897,0.1141998184676389,0.22839963693527787,D,4,0.004289150238037109,10.490822147965702,26.73416489229637,25.325531329074543,-94.33003464575089,-68.37882579957402,-41.009413664900336,-27.80679862703102,27.38490994086014,68.54460978887387,52.094860932771766,22.82197842668708,-22.300830015505124,47.72550885484893,49.39536640190725,-86.58873854837104,-61.47456580255606,75.36830826948773,76.92621804770468,-20.254197503195186,79.39713791849947,23.350210527355614,-55.488815511709944,-65.73223313072091,-68.67885569180785,-98.70263761433782,-30.991044786546937,-74.8125549475042,-52.17233290732135,64.51594834854427,47.82868438716578,24.370931251203956
123,-1.239966682549031,0.1071900890792155,0.2143801781584309,D,77,0.0030644112267737,34.956692289805304,43.5129624878093,-18.66829737878234,-64.98939350712936,-58.34998247148839,-79.46970101020045,-23.756406152695156,9.16877316698618,19.965221048713094,-31.382196125671705,-62.46949800615671,-20.466779852993533,20.591110256260905,10.769331756741053,-48.15905030223705,-1.4879205688504307,78.05996475953819,71.77413813761106,-14.383129419828286,93.11414756284094,6.183851476127509,-3.1550003966950406,-64.41278555955282,-77.50057667139212,-99.31632488410011,28.025987924079875,34.54304628776147,-67.1446926943308,90.6530232970959,53.082346023236745,20.376802555095193
124,-1.3100069941496564,0.1001739119936009,0.20034782398720186,D,12,0.007190373185494092,46.80927463428399,-2.2048214828288617,4.836321303235749,-64.98939350712936,-8.02536029076125,-79.94526755146191,-23.756406152695156,23.059970208154976,37.544942783768505,-25.02050501169935,-52.41919645895315,-9.475032830030035,26.705740364197034,-37.34695070325466,-55.49169777651335,24.183278649786292,24.39901749339402,-1.9659274795699633,-43.45750433304782,58.81868297126302,-15.274598517771471,-3.1550003966950406,-63.90347668570601,-53.29036462010696,-99.33800798525958,16.192773924076036,50.21099880858721,-21.974140620670312,92.02428240210838,46.847167109582074,20.376802555095193
