,SoC_t,SoC,Error,Charge,Mode,Gen,FO,a0,a1,a2,a3,a4,a5,a6,a7,a8,a9,a10,a11,a12,a13,a14,a15,a16,a17,a18,a19,a20,a21,a22,a23,a24,a25,a26,a27,a28,a29,a30
0,0.9565183367015969,0.9853316837978953,-0.028813347096298347,1.9130366734031938,D,22,3.406824999885316e-08,35.07075147234464,68.45913697262966,52.07822049756123,21.156389145234584,39.55912645189372,22.98804162060963,68.8243203035965,33.008668615428476,23.705903784351484,35.952732320949714,31.683903640080423,32.294693884085724,29.21934288346508,19.84239265202689,49.56305680471597,14.876377726312231,57.41894049715306,32.50729760048042,80.80415079142188,76.8981007711397,57.02211070882473,67.78467009811006,59.035916850283115,36.37472802265188,55.32777835890768,66.87103105685146,77.42755316588588,74.7772777782599,49.74240947137538,18.025779535718193,18.23518039287759
1,0.9424794642015,0.9416224992285804,0.0008569649729195383,1.884958928403,D,299,1.1005995479429487e-06,50.75278774209508,16.37789597428978,87.23748858047475,86.144382660637,0.07487067623975285,76.58349514970851,7.364886680236015,42.67022323561828,0.33134641081912963,20.02316414903651,42.12440515479756,72.09930791457262,36.3795661175987,1.0921696024875902,53.73751102267781,80.40573998995941,67.29734132418739,71.99852800795094,93.25689692710577,1.8137286892248916,54.82929032516729,85.39244062003374,25.174800485003786,24.076857422797673,71.7847583184612,57.86330003274635,19.810496033652726,46.72762382484878,84.37140012644748,90.03377439402445,12.050401584956294
2,0.9284362812113215,0.9273540419314961,0.0010822392798254254,1.856872562422643,D,299,4.2154510948577695e-07,50.75278774209508,14.740929186881136,87.23748858047475,69.5544925317284,0.07487067623975285,93.90300320812946,7.364886680236015,42.67022323561828,23.28810431751745,21.247812056574567,73.61591359193723,82.6348626955616,36.3795661175987,0.6964025458784577,99.05197321981512,80.40573998995941,51.15409369801603,62.500517077934994,93.25689692710577,1.3479556523005236,28.520031556688544,85.39244062003374,16.11338519523215,24.076857422797673,70.89413149275023,89.87648342700001,31.137724242421626,41.88895084704463,73.29520682270514,90.03377439402445,12.050401584956294
3,0.9143821140522425,0.9130663046071811,0.0013158094450613778,1.828764228104485,D,14,4.0993768379848916e-08,50.75278774209508,14.740929186881136,87.23748858047475,69.5544925317284,0.07487067623975285,93.90300320812946,7.364886680236015,42.67022323561828,23.28810431751745,38.77570453020896,72.75043645776702,65.14768564570102,43.85795449017539,0.3198465470268663,99.05197321981512,80.40573998995941,51.15409369801603,36.05223305939681,81.19661284564748,1.3479556523005236,37.358538732819355,85.39244062003374,10.534603242918514,24.076857422797673,70.89413149275023,93.71525736421258,31.137724242421626,41.88895084704463,73.29520682270514,90.03377439402445,6.241831028139881
4,0.9003407940644155,0.8987866221834935,0.001554171880921995,1.800681588128831,D,297,3.475253107509957e-08,50.75278774209508,14.06419794592717,89.43285104318466,53.2567438311179,0.07487067623975285,93.90300320812946,4.730636443302446,60.4616528561272,23.28810431751745,49.174800504221736,67.6206615987885,76.46629343018716,31.529592641765895,10.401521752824028,99.24558658848727,68.7419987066865,21.51467430565033,70.44548481929766,81.19661284564748,1.3479556523005236,27.959740486532468,85.39244062003374,7.751204030002505,24.076857422797673,68.46945895482533,96.72900178826035,32.98525734943545,55.46307284916188,75.01397041237003,90.03377439402445,6.241831028139881
5,0.8863169011949674,0.8845182643232226,0.001798636871744863,1.7726338023899348,D,11,4.4350088490574535e-08,50.75278774209508,14.060503319575641,89.43285104318466,53.2567438311179,0.07487067623975285,93.90300320812946,4.730636443302446,60.4616528561272,23.28810431751745,47.36092156509942,67.6206615987885,76.46629343018716,31.529592641765895,10.401521752824028,99.24558658848727,68.59753202562598,21.51467430565033,70.44548481929766,81.19661284564748,1.3479556523005236,27.959740486532468,85.39244062003374,7.751204030002505,24.076857422797673,68.46945895482533,99.14898998663607,17.536822720800078,53.78321106069487,75.01397041237003,90.03377439402445,6.241831028139881
6,0.8722755990222404,0.870219336988544,0.0020562620336963544,1.7445511980444808,D,12,7.738947704893917e-09,50.75278774209508,14.060503319575641,89.43285104318466,53.2567438311179,0.07487067623975285,93.90300320812946,4.730636443302446,60.4616528561272,23.231794157769784,47.36092156509942,67.6206615987885,76.46629343018716,28.23951862562692,10.401521752824028,99.25094729696133,68.59753202562598,21.345530038705327,70.44548481929766,81.19661284564748,2.06959419458225,27.959740486532468,91.03199578478274,1.5059550253999978,24.076857422797673,68.46945895482533,99.14898998663605,17.536822720800078,53.78321106069487,75.01397041237003,90.03377439402445,4.8797758148505554
7,0.858240707014426,0.8559221940027748,0.002318513011651202,1.716481414028852,D,52,1.5552984233835332e-08,50.75278774209508,14.060494096621806,89.87407830320035,47.88685659569186,0.07487067623975285,92.83987373319886,4.403531791444245,68.56363657911167,14.84112895441627,59.72672907407633,67.69519997306402,72.81143769648074,28.977850216100975,10.401503937132592,99.76561038950047,68.59751665086193,39.15834615448287,70.64984059202423,80.81019720234906,1.9900312275272358,44.19799729323518,93.48001412595465,0.5097529312913811,24.07682144034687,76.92166343271887,99.15109569767603,4.181920415848763,10.795820393653816,76.28102403981441,90.03377875142155,4.126881104322185
8,0.8441993363611484,0.8416082208558007,0.002591115505347741,1.6883986727222968,D,24,2.1934397409495432e-08,50.75278774209508,14.036209383620097,89.87407830320035,62.372777780679144,0.07487067623975285,92.83987373319886,4.403531791444245,68.56363657911167,14.816474980929996,60.71998742250808,67.69519997306402,72.81143769648074,28.977850216100975,8.26861847823805,99.76675463315134,67.64968594559744,38.897063735162206,70.64984059202423,80.81019720234906,2.482582274143245,44.197997293235176,96.09404193897649,0.08323560065583557,24.07682144034687,76.92166343271887,99.15568752258127,4.580606148834225,12.244076772328704,76.28102403981441,90.03377875142155,3.1916885884397894
9,0.8301666323700855,0.8272957032959953,0.002870929074090145,1.660333264740171,D,16,5.8734372476720864e-08,50.75278774209508,12.742605588493744,89.87407830320035,61.7462830817789,0.07133614415459522,92.83987373319886,4.403531791444245,70.13844605861017,14.811171830611983,60.77570907362332,67.69519997306402,72.92069268997389,30.547268866994642,7.915738474171903,99.7791816435369,17.80958623906987,38.841230416731776,69.95235400247739,80.56669116350126,2.588174573591681,44.167886338933194,96.09404193897649,0.07989084674552109,24.07682144034687,76.93877200752661,99.15568752258127,4.614692733986393,84.81223036998527,76.78383473765861,90.03377875142155,3.0265246847216596
10,0.8161231772886804,0.8129590154049464,0.003164161883734029,1.632246354577361,D,105,6.858715551061323e-08,50.75278774209508,12.221464247557513,89.87407830320035,44.5292941669398,0.07058171975646937,92.83987373319886,4.403531791444245,70.1510754165561,14.78134932070773,48.23578657158797,78.13758986344534,87.60787759804015,17.297622737857395,7.9303464450272525,99.7791816435369,12.05364742425001,38.841230416731776,45.19354830113062,80.56669116350125,2.7735674591229413,63.13119719306644,96.09404193897649,0.0797556936852172,24.07682144034687,86.44878215132286,99.15568752258127,70.47062668288201,52.15212631761703,79.9307398730383,90.03555738927471,3.02652468472166
11,0.8020862217033264,0.7986224734092171,0.0034637482941093367,1.6041724434066529,D,24,2.209804916830649e-08,50.966703071997145,10.40238119205311,96.74802026840541,29.369706767146624,0.07056888699821831,75.23059609124677,25.677245499347592,74.94780014417684,16.040416776730744,45.61242075913164,78.13716178539035,88.26044547797792,34.91016570375721,8.187557347244619,99.77995394251744,17.823085408165973,53.406049033028864,11.273723563373533,81.45899229439183,2.995501874565119,63.675814475674585,96.27758738050632,0.061809457132802184,22.578321704806136,36.4620895018564,99.15611396643192,64.1959210631119,52.13725151981204,33.344241825330265,82.63357252268469,2.9461395463228017
12,0.7880448687288284,0.7842679266459902,0.003776942082838186,1.5760897374576568,D,14,7.392389944627098e-08,50.966703071997145,9.40570834405362,96.75925420914486,30.848396830493677,0.07056888699821831,75.23059609124677,25.402357543441884,74.94780014417684,16.040416776730744,45.61242075913164,78.13716178539035,87.75426356672563,40.10177429030676,8.187557347244619,99.77995394251744,4.1617630890296375,53.40933389977555,11.273723563373533,81.45899229439183,2.995501874565119,63.675814475674585,96.31655942275371,0.060458949685508794,22.578321704806136,36.4620895018564,99.15643661745491,64.6066005471946,95.24400842720037,26.252084591908577,82.63357252268469,2.92870552861259
13,0.7740077275283169,0.769909126688202,0.00409860084011493,1.5480154550566338,D,299,7.224799101201995e-07,50.966703071997145,9.405708344053618,96.82739572158638,66.82354085235393,0.06245265567589185,75.23059609124678,25.09709358947292,74.94780014417682,16.040416776730744,45.355693171682944,75.56144646156343,76.88482517676917,40.44729225059875,8.187557347244619,99.77995394251744,4.1617630890296375,53.42932651660912,44.98316817351324,81.45899229439183,2.995501874565119,63.675814475674585,99.56050475450198,0.06045894968550879,22.578321704806136,70.94093136445892,99.15679866131688,31.382881367576417,61.96533600780454,70.95382564515336,82.63357252268469,2.92870552861259
14,0.7599684892578275,0.7555343071903824,0.004434182067445058,1.519936978515655,D,36,8.778493976180357e-08,50.966703071997145,9.355002363606754,96.97932505594187,59.88382175294568,0.06245265567589185,75.23059609124678,17.813057389328847,43.922378043223176,16.040416776730744,23.549458644845593,75.18571107760499,75.78995345339587,40.475665875235684,8.205214033075382,99.7822418084701,4.130520382870818,53.473901987680264,49.288884615815476,81.45899229439183,2.995501874565119,63.675814475674585,99.90783259772434,0.06045894968550879,22.57177375769907,66.92585937670984,99.16008390430162,21.476185686879752,62.30083308476591,71.01116219719373,82.63357252268469,2.9262788002357962
15,0.7459271026577905,0.7411444800030731,0.0047826226547174056,1.491854205315581,D,16,9.020311608765041e-09,50.966703071997145,9.355002363606754,97.38360994250556,59.88382175294568,0.06245265567589185,75.23059609124678,17.813057389328847,43.922378043223176,14.92053301590943,50.226852296162825,76.65381779178504,71.98072910439122,40.47566587523569,8.152955518730979,99.78329039100379,4.130520382870818,53.473901987680264,50.2282536677548,85.6130882688241,4.175059510272984,63.675814475674585,99.90783259772434,0.06045894968550879,22.57177375769907,66.92585937670984,99.16008390430162,32.26991970265949,60.98061316699807,71.01116219719373,82.63357252268469,2.9257126814602574
16,0.7318835099842235,0.7267389649474104,0.005144545036813053,1.463767019968447,D,299,1.1865046758430253e-06,50.96670301613533,9.3549962081612,97.38352460477086,47.7637825909848,0.06245265469109086,75.23059609124678,17.80151584489723,43.9223923477539,14.868182378010449,10.172853001471324,68.09243090679706,71.95575751907606,40.47606300654822,5.063500198651763,99.94346975553773,4.130519799662167,53.473903482715,87.2918730790637,85.6130882688241,4.175059479464403,68.75531924708338,99.90783259780511,0.060458607564625975,22.57172557991304,71.05328955922984,99.16010963941166,32.42631202410628,62.93518992364915,73.60741681059255,82.6335801155713,2.9257901598022946
17,0.7178334369227899,0.7123102448489197,0.005523192073870198,1.4356668738455798,D,74,6.319288559097913e-08,50.96670301613533,8.5574828745283,97.40007059095959,39.18331285880303,0.06179574832138822,75.23059609124678,12.561971838883803,40.674138143135295,11.719825187438246,8.43099716091372,56.53192655147869,64.30141091704775,40.22087521016043,5.19122712304538,99.94490837688866,4.103468360833468,53.47990797843573,83.76064845790617,85.6130882688241,4.175059479464403,68.86198377933485,99.93176643152088,0.06045860756462597,22.571725579913036,81.38487815496734,99.32656328057456,24.524304212504084,47.17706588371288,80.48681089440132,82.86638333518147,2.891035612209542
18,0.7037811849222975,0.697866868642588,0.005914316279709508,1.407562369844595,D,36,7.850508110252008e-08,50.96670301613533,6.675150914392637,97.40007059095959,38.694755433984184,0.06179574832138822,75.23059609124678,9.044619723996338,22.777517360155763,11.719825187438246,3.1420536419419705,56.70391828114166,64.30141091704775,40.22087521016043,5.018499146138918,99.94490837688866,4.103468360833468,53.47990797843573,84.99236629648053,85.6130882688241,4.175059479464403,68.86198377933485,99.9891202665148,0.06045860756462597,22.571725579913036,78.13537008576776,99.32656328057456,26.495777991112426,37.94508386190317,86.36851405507815,82.86638333518147,2.891035612209542
19,0.6897419362492985,0.6834266955684755,0.006315240680823009,1.379483872498597,D,21,1.7538411611894844e-08,50.96670301613533,6.675150914392637,97.40007059095959,38.694755433984184,0.06179574832138822,75.23059609124678,5.986662733530903,22.777517360155763,58.96065827029451,3.1420536419419705,56.703918281141654,52.654928078299946,40.22087521016043,6.494326602236556,99.94490837688866,4.103468360833468,53.47990797843573,84.99236629648053,85.6130882688241,4.175059479464403,69.60174063179443,99.98912026651479,0.06045860756462597,22.571725579913036,78.13537008576776,99.37056246097808,53.12243043910887,36.84497101699622,86.36851405507815,82.86638333518147,1.7285156127549746
20,0.6757027925250905,0.668964358582131,0.006738433942959476,1.351405585050181,D,25,4.1089975866270834e-08,6.16891907151399,4.552504997382648,58.366774715892646,24.841108175645502,33.993281316944476,75.00880653552773,17.320883785641335,20.689256087780606,59.12083376739726,3.2423651985035544,68.05398264960036,15.509704288528681,40.22087521016043,6.494326602236557,99.94490837688866,3.89147147856257,9.892176250973186,85.22865591895182,85.50397947358093,4.175059479464403,69.72040413263294,99.98912026651479,0.04659471863193157,22.87392614703537,78.4751652715808,99.31591401084688,70.7517627735779,28.99264244822099,87.58424425784733,82.93053667410932,1.9174978775639486
21,0.661663676251444,0.6544845259604831,0.007179150290960834,1.323327352502888,D,21,1.6655519186059564e-08,5.281233360856256,4.552504997382648,58.366774715892646,24.91169235090433,33.993281316944476,75.00880653552773,17.320883785641335,20.80657974089986,59.12083376739726,4.447528512348942,69.42484823252673,15.509704288528681,40.22087521016043,4.593475035560608,99.94570283542143,3.89147147856257,34.16166208133549,85.2286559189518,85.50397947358093,51.877009541610434,70.48904298940201,99.98912026651479,0.04631901007915276,22.87392614703537,68.35544809913475,99.31591401084688,69.20597813816474,28.99264244822099,87.58424425784733,82.9305366741093,1.9174978775639486
22,0.6476136314269815,0.6399653604986106,0.007648270928370837,1.295227262853963,D,299,1.0258995075673738e-07,1.5450354554151957,4.552504997382648,58.366774715892646,60.18652386671198,33.993281316944476,75.00880653552773,17.320883785641335,20.806579740899863,47.30056649751248,4.447528512348942,75.90197010971904,15.487715812641689,40.22282002447979,4.22616341982234,99.94548867884538,3.89147147856257,34.16158992730573,65.07591767375962,85.50207111579147,51.87812760619572,77.63194091205614,99.98912026651479,0.04631901007915276,22.87392614703537,71.37316030922105,99.31591401084688,31.99428817482226,48.47249546907195,74.11426651030068,82.9305366741093,1.9174978775639486
23,0.633580959558427,0.6254687220076266,0.008112237550800372,1.267161919116854,D,18,3.870778142456288e-08,1.5450354554151957,3.740383657501322,56.15752706239549,60.18652386671198,33.993281316944476,75.00880653552773,12.381798467690096,20.742376257303384,46.89005275153228,4.214431478474307,74.00128945589907,13.06270858989085,27.543625563992876,14.02298014314469,99.94548867884538,3.40183471603867,34.1192835007107,40.119911770415996,85.50207111579147,51.87812760619572,75.82558071827268,99.98937779886475,0.04631901007915276,22.332890099120156,71.37316030922105,99.32288074349798,54.91868860943828,42.34838244926274,45.55063661256803,83.69790732134251,1.8992049989664965
24,0.6195439494541329,0.6109238556166926,0.008620093837440335,1.2390878989082659,D,72,1.938758042996369e-09,0.038468929237237104,3.7403836575013214,56.15752706239549,57.83623727701821,33.993281316944476,75.00880653552773,12.381798467690096,20.742376257303384,46.89005275153228,3.477914590204034,60.866201234086645,15.576382860124241,63.01764985981704,13.549832797736897,99.9454812142765,80.18749600582828,17.578683908666207,69.75016292580207,86.50188581625301,8.819933338497645,51.59217599942614,99.98942294290723,0.046310176629415584,22.332890099120156,86.94763853973348,99.322903802909,56.31342039375577,15.964358236020109,47.54640670991955,85.2816220928706,1.8992049989664963
25,0.6055177421673015,0.5963797368514618,0.009138005315839637,1.211035484334603,D,126,6.844783229098539e-08,0.038115432943403416,3.6783597274740156,56.70361138170338,52.30156825168887,30.179933512397582,75.00880653552773,10.615376551191028,16.796125591027614,46.89005275153228,4.330226093443832,79.59348262607492,15.904019587558821,62.46027873754521,13.549832797736897,99.94469996568822,88.58599379106117,14.075434938105843,45.89848995954841,86.50188581625301,8.819933338497645,51.359610184229595,99.98949180148978,0.046310176629415584,22.332890099120156,94.09123633281162,99.32634035017139,59.010850680767206,14.725169868617003,65.55480812417244,85.2816220928706,1.8740489185261087
26,0.5914893444494455,0.581800714946365,0.00968862950308047,1.182978688898891,D,26,1.3078135907562682e-08,0.038115432943403416,3.6783597274740156,57.23747534222505,39.84849881912885,22.181576051094037,79.02908886929039,9.353646257218735,13.68956875721259,46.892122666164,9.76741160647423,84.3591673256312,11.251118990592925,62.44065948020865,12.191337923238041,99.94469996568822,93.93410749463283,11.298531761863838,45.8988184175238,75.25170972046945,8.819497531777577,51.13208239747107,99.98949180148978,0.046310176629415584,22.332890099120156,81.40171985560096,99.3292079748286,64.2313036807854,12.909569217227045,65.55353739239499,85.2816220928706,1.8740489185261087
27,0.5774436253953544,0.567165361645981,0.010278263749373462,1.1548872507907089,D,299,1.7319723655262464e-07,0.038115432943403416,3.6677466173366184,57.23748019998999,56.3249379820926,22.181553372920803,78.75502317305973,5.267814662829096,14.021393415115682,46.89274687923181,9.718753808131577,76.06096694949987,7.558292403467901,80.53713630924406,12.14042979446878,99.94469998399748,93.93413367956569,17.451710959177035,53.8853150061338,93.53395150762694,8.819399907012912,59.7489960949067,99.99045861456685,0.045105473115328296,22.332890099120156,70.56621302219591,99.54286669017483,32.40581666666887,42.816179796903405,72.91264531387351,84.20244684431967,1.8740428858286164
28,0.5634108395809285,0.5525328035140461,0.010878036066882424,1.126821679161857,D,77,7.40733976378749e-08,0.038115432943403416,3.6677466173366184,57.23838005973607,34.145214446959486,22.17735243752898,77.4994056523129,5.267814662829096,10.545221201884477,61.2963698072042,9.185003031798662,72.45565141023559,2.4123134823747234,74.91560855113114,6.668062585047597,99.94502223376242,93.93898419586336,43.77212619748319,62.75869111994449,93.53395150762694,8.460935233779232,73.74195302702672,99.99407761609794,0.03960323488337217,22.332890099120156,84.83849197757394,99.54286669017483,38.30320894767073,28.180078939063943,79.05195985357352,79.2121995849696,1.8740428858286164
29,0.5493694031554144,0.5378554251008919,0.011513978054522478,1.0987388063108288,D,18,6.829657150930757e-08,0.038115432943403416,3.6677466173366184,57.519647352239616,34.145214446959486,20.864495839639694,77.4994056523129,5.267814662829096,9.50479318941139,61.2963698072042,9.185003031798662,72.45565141023559,1.4079098978661047,74.91560855113114,6.668062585047597,99.94502223376242,95.45391953466547,39.165502803930096,62.56786033865664,93.53395150762694,9.66709022823808,73.74195302702672,99.99626950502798,0.03870007117973355,22.332890099120156,84.83849197757394,99.54286669017483,20.140064977060923,28.18007893906394,79.05195985357352,74.63147599389897,1.8740428858286164
30,0.535327952490584,0.5231396961983936,0.012188256292190336,1.070655904981168,D,44,8.892584446584806e-09,0.03808628025659886,3.6677466173366184,52.865180240110874,23.311126297662337,20.864495839639694,76.23922283994538,5.267814662829096,5.448970703275755,61.2963698072042,7.172685271074672,84.65147374637496,2.261604392356062,87.44291304831987,1.5013793420051247,99.99884832345818,95.51327098798495,59.01612346879733,59.48777996533947,93.53395150762694,9.66709022823808,81.95968420775522,99.99789507317628,0.033904962814285615,18.3163466259823,85.71238802744304,99.54288225230903,96.87085448845522,1.3642381049666152,96.85990507208535,70.20344598677443,1.8740428858286164
31,0.521286541924666,0.5083923515092953,0.012894190415370654,1.042573083849332,D,298,3.426032435527304e-08,0.03808628025659887,3.6181394131990796,53.00230327017165,42.45880819520973,20.318211242750053,76.23922283994537,5.267814662829096,5.211191272691803,32.77718785267448,6.467656407311683,69.31964289381816,68.87698724627614,43.035018507643755,2.3023190090623187,99.99932456984794,19.752404931358512,4.194824281086847,65.43994675833791,23.048256567396983,9.66709022823808,81.81509392042784,99.99790483337068,0.03390496281428562,18.3163466259823,71.55045484993487,99.57969462363556,31.356686178309815,40.28412330742763,74.36035604533316,70.20344598677443,1.851476246914784
32,0.5072494434829604,0.49361382951793936,0.013635613965021054,1.0144988869659208,D,298,6.65721699988353e-08,0.01839555461142537,3.6181394131990796,53.00230327017165,45.77763877507664,20.318211242750053,76.23922283994537,5.267814662829096,5.211191272691803,32.013883646956835,6.11337061615971,66.3002542083617,68.87698724627614,42.30967216083583,12.55634758151231,99.99955364550044,19.752404931358512,3.6604688985508966,68.0612124899378,23.048256567396983,9.66709022823808,85.03144894318106,99.99791029352558,0.03390496281428562,18.3163466259823,77.69808603361153,99.58660897899492,32.356087776896985,49.21980567834353,73.83988076130608,70.70566074931992,1.851476246914784
33,0.4931971971314835,0.4787574729904866,0.014439724140996923,0.9863943942629669,D,297,2.4394693820539715e-08,0.01839555461142537,3.6181394131990796,50.65843781952064,44.00450080908004,20.318211242750053,76.23922283994537,5.267814662829096,5.211191272691803,42.38292349260331,6.11337061615971,69.40502026906044,68.87698724627614,42.54885068392775,10.401541724473667,99.99955364550044,19.550830326412843,6.282205743917055,69.11548445015802,23.048256567396983,9.66709022823808,85.03144894318106,99.99791384975865,0.03102160949235793,18.3163466259823,74.68301673248382,99.58660897899492,30.366108329941575,51.01029286208204,71.94674625369842,70.70566074931992,1.851476246914784
34,0.4791578015192475,0.4638974693325871,0.015260332186660397,0.958315603038495,D,15,1.3560225387010405e-08,0.01839555461142537,4.182647408697633,50.65843781952064,44.30171037901029,20.318211242750053,76.10749555842443,53.799863721502206,5.412470738609128,42.022931112948115,5.235632313413335,70.42595569847006,68.87698724627614,42.54885068392775,10.401541724473667,99.99955364550044,19.550830326412843,6.282205743917055,69.11548445015802,23.048256567396983,9.66709022823808,85.03144894318106,99.99792241040319,0.03102160949235793,18.3163466259823,72.3289408910259,95.3275324128397,29.753416435435213,51.01029286208204,71.94674625369842,70.70566074931992,1.851476246914784
35,0.465111940068636,0.44895872445780877,0.01615321561082722,0.930223880137272,D,299,8.792114845057597e-07,0.01839555461142537,4.182647408697633,50.613841611393596,64.79377986116015,20.317086391484168,16.429624695100987,53.83212198431886,5.297665913513379,52.33332812394909,69.15024498169731,75.80541664344643,69.13441911191518,42.60850448015779,10.494659639360776,99.99955606880624,19.537590935825435,6.282205743917055,68.3659718632797,23.042533718246737,9.325615023880722,85.0398446253541,99.999000741017,43.340249607116576,18.313883994851444,70.8451371603428,95.3275324128397,30.999719561145405,52.123539634410065,73.8997264916243,59.43442454083784,1.8482355114586029
36,0.451083510386375,0.4340129450316178,0.017070565354757206,0.9021670207727499,D,19,6.434981969505316e-08,0.016965061045331027,4.182647408697633,52.40543324995026,64.41791134239845,19.261160505571276,39.52549706095577,53.83212198431886,46.80648064334318,59.15930782423047,69.15024498169731,35.066118043710674,61.07026906390516,45.037152479770924,8.774692682401584,99.99969566791688,72.90625005356712,21.70846656466202,82.05561361499468,23.891230601358146,38.331556042047104,75.54978450262507,99.99951744295518,46.86329029957062,18.313883994851444,87.15974913968735,95.40111996673404,27.484025384412604,39.5275907241723,80.8640049617189,61.22387417410751,1.8191224169201945
37,0.4370529375136785,0.4189807384326571,0.018072199081021423,0.8741058750273569,D,13,1.0416101758892182e-08,0.016965061045331027,2.5777177933586306,52.41975309921365,64.41870263072049,14.897081251025547,38.4045557511814,53.83212198431886,46.595239594270566,56.58537135751379,68.30773952635863,35.27901357362374,67.37676896875882,45.037152479770924,11.020184043413975,99.99969566791688,78.0440331263519,21.603963218108923,82.05561361499468,23.891230601358146,38.33149866232305,75.55001630455278,99.99951744295518,46.86329029957062,18.31377433631227,87.15974913968736,97.30816157671222,43.79711417185729,39.35370486382665,81.91297165396121,61.22387417410751,1.8191224169201945
38,0.4230244919900079,0.4038902821344015,0.019134209855606432,0.8460489839800158,D,14,2.7909891731070502e-08,0.016965061045331027,2.566966723460799,52.48039102057928,64.41870263072049,7.236038817128161,36.25891171906502,53.83212198431886,45.704500687296914,56.06409522521133,73.85229916444531,57.710827318788205,74.53700047516116,45.037152479770924,10.906254659294103,99.99969566791688,85.11480598173645,21.163437745246355,82.05561361499468,23.891230601358146,38.30795748328839,75.08102184090673,99.99952351954188,46.86329029957062,18.268784930158393,87.15974913968736,97.30816157671222,43.09048686958603,39.35370486382665,81.92745104528225,61.10341167371311,1.8191224169201945
39,0.408974394684,0.3886697181359331,0.02030467654806689,0.817948789368,D,175,3.291870553923104e-08,0.01660044439065931,2.567598752189233,52.480391020579276,70.5254407779025,7.2354799380381625,24.553824765118556,54.02061757554833,45.704500687296914,33.445126905403725,73.86011794152805,72.01393311980348,68.53336617366499,45.037152479770924,9.280789820235672,99.99972868361371,85.11480598173645,21.165349791970307,80.80463698190309,23.613559864311902,37.241740397045334,72.00685411090423,99.99952414056403,46.864263852081734,16.234900388448537,91.6024798818651,97.30846812551889,67.76325461439319,30.81432951194542,89.33368965484011,61.09096803225063,1.8191224169201945
40,0.3949436966095999,0.3734488534704952,0.021494843139104658,0.7898873932191999,D,20,7.231165444210319e-09,0.016459235083586946,0.7183818316251647,51.79141187915553,21.32928800863268,7.2174639736468915,17.472980641165154,53.92041702242286,54.64260259995015,22.05763443580068,73.86521804007502,71.7948374267088,78.20486831234211,45.06014570502197,81.53493816483225,84.55087234950466,85.2400548501945,21.1857546675534,80.39970207422445,29.18350596911291,11.285118090005458,71.67673977858811,99.99992301363989,46.34854441267206,16.234599131608643,92.40212128949655,97.39227925713766,66.79621614048757,30.227336187934647,89.06691122471322,61.1299583695117,1.8179091931512352
41,0.380904332302245,0.3580860203337097,0.022818311968535343,0.7618086646044899,D,27,2.952208388862232e-08,0.016459235083586946,18.640473643283535,52.42915134720736,50.59922883014072,7.76564852436587,17.68066938509303,53.92041702242285,85.22875631915709,22.267670250799124,73.92367432348601,70.5148300248238,77.82585592283397,45.709119269364734,61.98351135787422,84.75543590007177,85.2400548501945,71.76951278164451,82.48336918312488,36.8316525283606,12.293594955879602,73.05835082283292,99.99994013288577,72.36102563075647,16.234599131608643,93.11203438946153,97.39227925713766,63.0046395231633,30.194545997435245,68.47995418795819,57.721678991632544,1.749130306786652
42,0.3668694660444255,0.3426489004058699,0.02422056563855557,0.733738932088851,D,20,6.959953724461343e-08,0.015025036320449828,18.46141900450979,52.429151347207366,44.239235980627654,7.75147272186063,17.615970316448177,53.92041702242285,83.42669485843706,22.232020855748065,73.94059913298399,74.29501669026793,77.89576511468616,35.03449549244522,65.50292672293553,83.081947798912,84.67479477071493,70.92365635021868,82.48336918312486,36.83165252836059,11.176663976911005,73.86147671553405,99.99994074912976,80.55430998891347,16.234599131608643,93.11203438946154,99.30212176490127,59.72604778295654,28.917689921719273,68.81318127146335,57.721678991632544,1.7491303067866517
43,0.3528410107953045,0.32711073100294,0.025730279792364474,0.705682021590609,D,14,5.114475198908508e-08,0.015025036320449828,18.46141900450979,52.429151347207366,12.057682684721318,73.25932967597265,17.615970316448177,7.225098680587266,83.42669485843706,22.232020855748065,73.94059913298399,75.98961382703719,77.17326724888568,35.03449549244522,65.50292672293553,83.08194779891198,71.71154519554135,70.92365635021868,82.48336918312486,36.622884444091454,11.176663976911005,84.27407174448538,99.99994074912976,80.55430998891347,8.923797313636825,93.85639438480113,99.4026433369983,56.53103386568697,28.917689921719273,68.81318127146335,57.721678991632544,1.4443944340342552
44,0.338805993741549,0.3114177388788411,0.027388254862707906,0.6776119874830979,D,40,1.5303612599382177e-08,0.015012602152434988,15.815125190750699,52.44856700001537,11.383990122510129,77.01026324945997,16.815327064378643,5.90833251120347,80.58296392118552,21.121036222097654,53.753843455537066,76.72374465118094,87.53801053384947,32.21827215845667,5.570550362367115,72.31804455977498,75.31403501634932,54.14442271321188,82.49210290347499,36.622884444091454,9.965535355825413,59.07049829557475,93.35838652112946,83.69528849352383,9.560628079173815,87.46428517198518,99.64491468805892,66.67970661494483,1.3823217054716963,84.0000980974051,53.68629069374403,1.4443944340342552
45,0.324762284215976,0.2955634988079604,0.029198785408015626,0.6495245684319519,D,11,8.69922582857896e-08,0.015012602152434988,15.815125190750699,52.49552555453489,11.383990122510129,76.32581246102058,16.815327064378643,28.898751753767293,79.37540899018295,21.121036222097658,13.315168848964644,76.72374465118094,87.53801053384947,32.21827215845667,5.418151130318077,91.57591882410249,76.24040572818424,53.28891324382292,83.34362541182074,36.622884444091454,9.965535355825413,67.10433361105765,93.36057069159551,83.69528849352383,9.560628079173814,87.46428517198518,99.64653086849847,66.67970661494483,1.3823217054716963,82.72338897439401,13.580659602753066,0.5756332819916394
46,0.3107207034317849,0.2795721967138457,0.031148506717939173,0.6214414068635699,D,16,6.810819241920285e-08,0.01439428246288796,15.154556226970401,52.51658706393034,15.019304056738529,76.02182852207562,16.808453535695858,28.898751753767293,78.84753263483042,21.10286709713035,13.377046229735338,76.68488431065295,87.53801053384947,42.16731173704355,69.27892163314372,91.72022495921425,76.64069835546859,52.91089581786569,75.8594162500082,33.81081817618897,9.110789697770844,68.53485976874167,93.36057069159551,84.96646003316118,9.524392248639169,87.14886864669403,99.67875294565941,69.60763572588723,1.3823217054716963,77.22662014658636,7.387604071701601,0.5756332819916394
47,0.2966771079311009,0.26338369936690276,0.03329340856419816,0.5933542158622018,D,15,1.9619505575718676e-08,0.014394282462887962,8.127888958017488,52.516755949757304,51.37936784720389,76.25704480986856,16.75808909313743,28.898751753767293,78.4135480523421,21.10286709713035,13.377046229735338,77.0610635894039,87.53801053384947,44.34327332929879,66.49899589432037,93.11078933668736,76.64385550192921,52.867095482287304,0.9537064668579591,6.764967065362711,0.9656845536184934,82.3439668991983,93.36057069159551,84.9708954125683,9.211740514690261,86.26504147052225,99.67898710368226,68.92855864993479,1.3823217054716963,24.558763025258177,5.051301696862226,0.5756332819916394
48,0.282644253584599,0.24702890446979886,0.03561534911480013,0.565288507169198,D,69,2.9448415261867922e-08,0.013076957076907317,5.58897473645745,52.87571799613046,43.18437869075797,71.09681849938815,15.103654163212763,28.733757793946417,69.33634485736918,17.03485576551216,13.927405582452888,63.58544880166399,81.40201883000806,44.343273329298796,47.3138564030135,93.11867000002206,83.35339787840749,46.49676983033291,14.756892852140233,6.4301718486713,0.9656845536184933,81.77440557342317,95.23737151116947,86.38835086273394,9.216745243345738,81.44161681688715,99.6795656290534,31.50709797544122,3.474797515902509,30.694817863694517,5.051301696862225,0.5756332819916394
49,0.268602765366228,0.23036753930566484,0.03823522606056318,0.5372055307324559,D,299,5.095538431199031e-07,0.011919576424754389,2.077104332753205,52.91796433470253,63.75130739920171,70.5231816981042,11.581826734987871,28.369098177750203,42.53280367055126,72.00146570070916,11.133016001670438,75.89105494310897,35.5701161303451,53.5488279670476,20.30976490891134,90.44776421726087,48.6984409494723,16.01936302226854,47.091356008130056,6.122418620610546,1.4982938959853511,81.66475844923548,98.36127622600009,87.62026800491341,9.216745243345738,71.7224252081876,99.6795656290534,30.712197472427608,46.415149787041074,72.31249028699419,4.332842365435672,0.5756332819916394
50,0.254569973791712,0.213480130240992,0.041089843550719984,0.509139947583424,D,17,1.8486616237822773e-08,0.010978560502911223,2.069917505043481,52.91806414607586,63.809650419167596,48.541881865627815,10.974689781925646,28.229375274760027,42.531451161844124,71.95994458557796,11.860136638314179,46.17915922013199,15.499113412018236,53.5488279670476,20.215023641632328,90.4889788294232,62.926018711115255,16.018819659314758,47.09135600813006,5.861040225051054,1.4982938959853511,80.91947506135497,98.36735226290443,96.23212206601835,4.321422300432117,72.4857150078289,99.68066510765622,30.592498644212448,46.415149787041074,72.31249028699419,4.332842365435672,0.5748989464489017
51,0.2405351078401079,0.19622183347235142,0.04431327436775648,0.4810702156802158,D,15,4.66606029370098e-08,0.007650167768973499,2.0640139994857924,52.91808797530839,63.809650419167596,22.694956041274168,10.949759143881378,28.229261012779286,42.38572983333481,71.65366662600034,28.44029296500529,70.00919467654656,15.498987921740873,53.5488279670476,20.215023641632328,90.48751352147303,62.9267317423696,16.018689939524304,47.09135600813006,5.861040225051054,1.4884291303447945,82.89844519551741,98.36735226290443,96.23689934662261,4.321422300432117,72.38232254600649,99.68066510765624,38.39811070508491,46.41563787463221,72.32549905370874,4.332842365435672,0.5748753639178694
52,0.2265001372559039,0.17857178702713922,0.04792835022876468,0.4530002745118078,D,19,7.62256608943801e-08,0.007650167768973499,1.747847437681778,52.91808797530838,61.331953760567885,22.694956041274168,7.456949952008973,23.80343471360503,31.198916126248147,71.65366662600036,39.80084140474453,71.9888921048486,15.498987921740873,53.5488279670476,19.077412595943485,90.48751352147303,62.9267317423696,16.018689939524304,49.61877920931552,5.861040225051054,1.4884291303447945,82.57389213334329,99.135259218264,96.90687483788378,4.321422300432117,57.884655623193794,99.68066510765624,38.39811070508491,44.252882803323345,67.06914057327539,4.332842365435672,0.5748753639178694
53,0.2124543251632044,0.16038768988493213,0.052066635278272266,0.4249086503264088,D,77,7.910398336363755e-08,0.007650167768973499,1.747847437681778,52.91808797530838,45.84560055527284,22.491764578307283,7.456949952008973,17.40194692066017,57.75563298571836,69.6252971352717,20.919493446411323,56.347010035400324,15.498987921740873,57.697281999462774,18.92925932717241,90.48751352147303,62.9267317423696,16.018689939524304,45.53546093811515,5.054478203323731,1.4648338664540796,82.66286708292759,99.80413173779164,96.90687483788378,4.296479823839088,78.29634612154256,99.68066510765624,29.144586573303176,40.34077712809352,90.33264969373869,4.332842365435672,0.5748753639178694
54,0.1984150533483514,0.14168669551819535,0.05672835783015606,0.3968301066967028,D,40,1.7666025087237358e-08,0.007650167768973499,1.7466798126690857,39.61394370536077,12.787863411931841,76.67930517567974,7.456949952008973,2.55050819337482,57.69651828413352,64.8402426251968,35.39243215201426,56.34701003540032,14.59941096383529,70.4214186849844,27.80096350340478,90.48751352147303,62.9267317423696,16.688791760812574,45.53546093811515,4.922177031551323,1.4648328714688512,89.46230242900612,99.80463141903363,96.90687483788378,2.2473581679653583,74.90119820619987,99.68066510765624,34.376721922589034,35.782299086645146,88.59900356963222,32.812552478627396,0.5748753639178694
55,0.1843909282329245,0.12237032662953533,0.06202060160338917,0.36878185646584893,D,51,3.1538775147055276e-08,0.0073323175259473366,1.2451044302820402,39.61394370536077,4.578047207349767,57.68135752954032,6.05481898895337,2.55050819337482,71.06657019736518,32.46803818013497,77.19395927204431,84.12545747604969,38.18030666908575,98.69358877642395,20.551681682839355,90.54729598233742,62.9267317423696,16.688791760812574,45.16762089725931,4.817110097300592,1.4648328714688512,89.42835601421254,99.80463141903363,97.56253345951737,2.790915468072635,37.55676321755426,99.68066510765624,34.790361779527075,11.433550036446771,74.88961403508057,32.812552478627396,0.5676421788306663
56,0.1703537570852834,0.10199020396043504,0.06836355312484838,0.3407075141705669,D,25,3.205627763236407e-08,0.007332317525947336,0.9603569725642966,39.61394370536077,5.327625252403059,49.11358477976106,5.610313219839464,2.55050819337482,71.5817468039051,32.50680265236121,78.24994692399709,84.12545747604969,44.02609295538326,98.32898917766423,46.03087595358417,78.50877615263609,62.9267317423696,16.79077474061103,44.70050910256965,8.624195600847088,1.4313492944683008,89.26830657308037,99.80463141903363,97.99935262278848,2.616758102742433,32.774123622389425,99.68304598352114,39.84297488091873,11.414507479683945,73.98312116650243,23.637031618646404,0.559307653100237
57,0.1563124184033374,0.08052520199689983,0.07578721640643757,0.31262483680667486,D,50,9.261793820769526e-08,0.00725741214475401,0.9060003786609323,35.218078907537816,5.440205263413457,59.94008365912417,5.632258099773226,2.55050819337482,64.26009319092164,66.94781982330235,83.43695324704721,82.47857145609652,44.03385802353252,98.36421280079156,51.889157536483424,78.71108546874923,62.6797362579196,37.522526504143514,46.37525447029218,8.3058178678533,16.78738304808359,85.82533680062193,99.78262113283873,89.03781838730714,2.616758102742433,19.867448444128566,99.68485486592664,40.01657866630312,9.378759547514246,79.64676009016205,11.04867347036824,0.4381638335940389
58,0.1422707842722329,0.05761513813139178,0.0846556461408411,0.2845415685444659,D,43,8.887582270133976e-08,0.006989187917837272,0.9060003786609323,35.218078907537816,0.7437778145498386,8.532299679743932,5.632258099773226,2.55050819337482,64.26009319092164,80.52728421969442,88.42919867834073,92.21297389671963,81.85551169559398,98.36421280079156,84.57246833889955,68.88986606813947,62.6797362579196,37.522526504143514,50.643223601445285,8.3058178678533,7.1966706813065215,85.82533680062193,99.78262113283873,89.44296592884656,2.616758102742433,15.379610669060092,99.68485486592664,21.261049730060936,9.378759547514246,86.1273683380705,11.04867347036824,0.4381638335940389
59,0.128238028506559,0.032843885113243945,0.09539414339331505,0.25647605701311793,D,24,8.230517778429203e-08,0.006490776995561939,0.9060003786609323,25.811823567204407,0.9842303822444384,7.480858827645042,5.341188658644248,2.5505073635729074,45.34032442444543,81.93013864249366,89.43694660783746,91.36805333422397,81.91633651479651,98.38030337919255,82.76511491770415,68.8899512841648,62.679641493860444,41.027407682692186,55.80784218669066,8.305683837870781,47.84677895738854,77.0020361319161,99.78262113283873,68.06309568525707,2.616758102742433,25.742337196233386,99.71974650091448,23.885684434659574,4.969227374731067,86.12708134055624,8.004130071890255,0.4381638335940389
60,0.1141998184676389,0.005311985014658849,0.10888783345298005,0.22839963693527787,D,18,8.803908713161945e-10,0.006480076487584635,0.9024313961622455,25.785883691433746,0.9685704906121378,7.446399768622158,2.6773806942534315,2.5488602889391307,54.84057209206624,95.31015783722523,93.85034689814783,91.35833101826518,82.55127386623616,98.42074748907773,82.76511491770415,68.8899512841648,62.679641493860444,57.00074333765396,55.329924131195696,7.755745539862492,47.84677895738854,76.96247108664429,99.78264620901076,78.02467060124815,2.5874851579451166,17.280193044537775,99.72505340102391,23.857430804783966,4.969227374731067,85.58128620919265,2.74071778012385,0.4370105119729044
61,0.1001739119936009,-0.025815394014966173,0.12598930600856706,0.20034782398720186,D,58,2.0942024558934236e-08,0.0033766953959367438,0.8995706695043872,21.407396113827097,0.6330065706863662,7.156254249054486,2.528272915937501,2.5488602889391307,58.970740400447944,95.3101734827548,96.53377187122092,46.337796825404276,83.27742749188266,94.75793202219042,98.34699268472858,64.33518165895362,62.679641493860444,56.80792174689486,57.94739029319534,7.473835486644184,62.026821118695686,70.00443040108658,99.78264727080915,77.58126035533965,2.5286007390340064,41.88074933216875,99.7250534010239,4.183400661809332,30.79508287174091,75.95067295213912,2.74071778012385,0.43467046012516797
62,0.08614906139976142,-0.06264341306169019,0.1487924744614516,0.17229812279952283,D,29,5.947640557835143e-08,0.0033766953959367433,0.8912122300223344,6.945327982184285,4.361034345246267,7.9970050074432475,2.456225479283143,2.5488602889391307,53.794666968770095,95.3101734827548,88.52542279715738,58.55665372469867,83.34216127872698,93.7239874334891,94.93370657642666,61.690194664691234,62.679641493860444,59.63862469091325,58.29447301968474,6.436001491048182,61.591134190062476,70.00443040108658,99.36992427358624,81.62121673998084,2.5178633222738824,40.16103270815597,99.72844580254772,4.4250030833156915,26.291725740332343,76.85293203351596,67.54131213043763,0.4324492429862693
63,0.07210401660683141,-0.10861359325862294,0.18071760986545435,0.14420803321366282,D,43,9.318682669956502e-08,0.0033766953959367433,0.3331222235797373,6.856147752282256,2.242445961614208,4.867082249515821,2.2207785679656453,0.7419793888631974,53.7946669687701,95.3101734827548,92.0891673353588,38.445582760831044,74.44683929499611,94.5286188202846,95.53989109996135,61.690194664691234,62.679641493860444,59.63862469091325,58.294473019684744,6.436001491048181,61.591134190062476,70.00443040108658,99.37085294759854,85.84938988337626,2.3127112809622226,22.94196119449345,77.42811109225636,2.8238783332581088,26.29172574033234,37.26652754104143,67.95267723777646,0.4241585677676064
64,0.05806497755022444,-0.16967526962992982,0.22774024718015426,0.11612995510044888,D,30,7.319795258808881e-08,0.0033713447365183377,0.2707303760857481,6.856147752282256,19.555038535337207,4.867082249515821,1.0919222613778965,0.7412423283249998,53.7946669687701,95.3101734827548,68.29397526868476,38.445582760831044,74.40722145347257,96.04592287582233,5.7210470094840264,64.47977536037342,62.73823887008187,59.63862469091325,17.355082491609718,4.182756100427563,37.52073245587301,75.8115277282982,99.37090782733591,89.8640737933797,2.275051714668038,15.72330668303181,77.42891188695864,2.8903744041026087,1.264359820646731,48.82294398520472,58.5472312652776,0.4241585677676064
65,0.04403001482119739,-0.2606964759613818,0.3047264907825792,0.08806002964239479,D,24,4.865432812195536e-08,0.0033320330432831057,0.269996377957173,6.856147752282256,21.0869454140217,3.7589646792130216,1.0919222613778965,0.6967892180714155,55.9102814121197,93.4178573385361,71.31299340370309,49.0708781928045,71.00786353963048,96.91034231844262,56.514409249726874,63.92195294244901,62.73823887008187,59.63862469091325,17.65400694002776,4.159377416209718,37.01634713293055,76.06887927634797,99.37160271683251,89.99006499014905,2.275051714668038,15.723306683031808,77.64860660378395,20.488624186138008,1.2641077775414455,48.60873619409145,38.870398286355396,0.41629350742459165
66,0.0299791036238739,-0.42472706051440323,0.45470616413827714,0.05995820724774781,D,20,9.457289662506696e-08,0.3579770799144589,0.21326009674816782,6.705356449415065,23.600143872587378,22.7954933070638,1.0233873054671867,0.6751717730307266,56.055830210460925,93.86516355132446,72.50854145146107,51.35530190988581,71.44362380301357,93.49081238337712,72.40521770553853,48.247776531064716,61.887133030626174,60.90100180767925,16.82162118820314,4.201198953164884,61.53214852108481,76.78598537220842,99.37160271683251,89.93534577398745,3.1872232284753617,13.17604277820461,80.06945085687471,29.960920453362313,3.224498481704995,46.49644969525056,20.996447977186847,0.4109697716507362
67,0.01593043242146042,-0.8517488999293032,0.8676793323507637,0.03186086484292083,D,18,4.743924364447594e-08,0.35797707991445893,16.25614127995972,5.135053542139258,23.60014387258738,50.27309234326927,0.9132711470953504,0.5257485709132504,41.635862997414904,93.86516355132446,72.50854145146107,58.699481819983724,33.313755871587546,95.65126974405574,79.20841372225715,48.37479986632825,50.75578581167936,60.90100180767925,18.416187998900995,3.870780926175677,61.70209999450842,76.79311756225198,99.37160271683251,89.93534577398745,4.789842446264494,8.392215820108568,80.09116795465647,33.93345123870846,2.814099093865305,46.47633793341247,36.44489747992997,0.41087139132760886
68,0.001873144466354448,-7.488784418342295,7.490657562808649,0.0037462889327088966,D,20,4.6566128286684716e-08,0.33606061215529015,16.25614127995972,3.8308404442609474,23.58932351991735,47.04372192112246,0.9132711470953503,0.519717519602666,41.011629193230505,93.86516355132446,72.5110623452193,58.69948181998373,33.12126241362333,95.73708361198709,79.17572384144968,48.374799866328246,47.68783892028581,63.934245920436396,18.416187998900995,3.870248515674845,60.35649830091039,78.23724390346737,99.37160271683251,45.84347230840489,4.789842446264494,8.392215820108568,80.09932443274735,87.66617355679921,2.3088640213807907,44.714656141145305,36.44489747992997,0.4101367129212924
69,0.8392472985071996,1.200772786847381,-0.3615254883401814,1.6784945970143992,C,60,2.709302293624205e-08,0.16911069241745919,16.24099626488657,4.00307002999979,78.99035132404448,80.38545846798985,4.130427498361485,2.7517917890642316,89.55847150591286,10.890796583149823,54.73077273366443,81.81315021487839,34.0492637690479,91.13796867595599,92.17297559099288,48.149056970492126,27.994235093776393,55.645962653843526,32.29934114206098,5.810988793475998,60.09350717271184,78.11462259255094,97.24644859509688,45.15428139287691,8.23102492853823,10.647590720067324,40.1293100357676,85.10381460035771,2.902255862795668,45.18207373548175,39.05759943419568,6.787290067805451
70,0.8508545184094586,0.8528822055308288,-0.0020276871213702474,1.7017090368189172,C,26,6.086338544264436e-09,1.8294563476646186,16.192674805091126,13.458926317497621,78.8887823294907,71.15949617612904,10.317672208297651,5.791992401603279,90.60246371518761,13.92056131624312,43.677205504390976,78.76257455805967,85.94989321281011,27.17836008716818,16.773745920437165,47.9405401945432,12.299783072996178,16.6836799727794,37.56390337668076,5.831661852142504,60.27421181903635,77.84261005082426,87.07043571870827,43.03550232092856,40.45965905118628,15.746546858931243,26.816899906294573,34.22229035897627,5.109183701678733,46.218000629190925,83.41672120261038,8.309537229084135
71,0.8614404589680341,0.8631375689118298,-0.0016971099437956827,1.7228809179360682,C,14,2.0212269191688392e-08,2.3573683668855625,16.65809642859305,11.62448645989842,78.88878232949068,71.51971174075628,10.317672208297651,24.70168931161745,90.06684109571529,13.8382185824317,24.701757110134633,79.0282335297923,82.13800739299633,46.405456021632666,14.812083699697094,45.609277665634146,12.116698392187104,16.94051303101658,29.326958592505,14.837835811596975,61.02990594260143,77.84261005082426,87.30459566201651,43.03550232092856,31.571610138585974,14.39981658696015,23.37224656654044,33.82955980260936,5.035655225995757,46.218000629190925,83.74579303023701,28.415256049253593
72,0.8710868096201886,0.872509273139829,-0.0014224635196403712,1.7421736192403772,C,14,7.303768256861076e-08,25.485432789976375,16.67196244559113,11.62448645989842,47.739201704450906,87.87278070444538,10.317672208297651,13.084404646470999,82.22920381210967,14.439884271999174,24.701757110134636,79.2689547332626,82.08198729955382,46.152859687703724,13.262925014973273,45.60927766563415,12.116698392187104,17.129560798444935,29.34106611777212,13.380530929396354,61.02990594260143,83.58159922931284,87.12716027629952,46.77029038898104,23.850530159042684,14.392634096621304,23.37224656654044,33.82955980260936,4.884589376549439,46.218000629190925,83.74579303023702,33.00643430082769
73,0.8799758569728696,0.8811849132906806,-0.0012090563178109859,1.7599517139457392,C,18,7.308024407848279e-08,15.789216641228082,16.67196244559113,11.62448645989842,47.739201704450906,92.57552346392643,7.596972365981886,36.36860135227418,91.15642849999234,11.303608555474945,10.56445384376742,79.2689547332626,55.97695644497779,46.152859687703724,13.262925014973273,45.60927766563415,12.116698392187104,28.05574580977847,29.341066117772115,13.380530929396354,45.41006422534426,83.58159922931284,75.58851626525657,46.77029038898104,11.079434886515628,12.814469078777378,19.387787547745788,33.82955980260936,4.884589376549439,46.218000629190925,83.74579303023702,39.67758780232221
74,0.8883034368559005,0.8893471127384066,-0.0010436758825060899,1.776606873711801,C,20,8.805784545984352e-09,13.920341776666,26.535002420106782,13.441208725023358,43.91673500346894,92.57552346392643,35.086470976618685,53.024780965619996,77.43751360043106,11.303608555474945,4.486496261035502,82.52288889680432,55.6108827837252,46.152859687703724,13.191616539133559,45.787127732229735,12.227708316081266,28.05574580977847,35.68875109053621,13.380530929396354,45.51208215048794,85.18200314828852,75.58851626525657,50.89042865341024,26.20859972140201,8.386417906670472,10.316842171313152,42.251055165900475,4.884589376549439,46.218000629190925,83.74579303023702,41.35758829569876
75,0.8958985272118619,0.8967773738683606,-0.000878846656498733,1.7917970544237238,C,40,6.032190924543102e-08,7.6122831878499895,26.3983394560666,37.278078619453964,43.954465376239014,94.20931600183238,46.88361710883717,50.43141765773713,74.37956547114013,12.94510438218638,6.4234172414297,81.112100337344,55.51174677915641,46.527292431821046,13.142198706680457,42.23692997302041,33.12437565913477,43.88824635653682,13.55339800243013,13.22421688751914,55.97876330019818,85.20501254769201,67.99022691771157,51.42304591191451,26.19150570607997,8.06942096669487,7.785077169541535,42.231848878418916,4.7053691242922655,41.29506153101736,83.76270124539126,45.296626810805556
76,0.902871828688547,0.9036196843090006,-0.0007478556204536524,1.805743657377094,C,60,8.079422286755289e-08,7.577619098886401,26.14742567375549,34.395391860671715,50.4876339493738,94.47024667741192,60.23162204811619,50.43141765773713,82.74297006016174,32.74190235256161,24.476830396552966,82.35174539209967,55.293830790714196,28.37944164671523,13.142198706680457,45.31945459549664,76.55082238805834,95.05902230508072,13.637127438859938,13.224216887519141,69.30304841686748,85.20501254769201,67.98519636580123,51.4230459119145,25.991570691049475,7.871824717038126,7.785077169541536,42.17263015897849,4.675731544806988,34.37683586276116,83.83154401632316,45.29662681080555
77,0.9092387200235069,0.9098706737461142,-0.0006319537226072702,1.8184774400470138,C,20,7.118828193597437e-09,7.527436364321822,26.147425673755485,34.35064490945116,50.498203564124665,94.47024667741192,65.47730197651137,50.18002561823589,82.74297006016175,32.73769275833955,24.36107888466782,57.55873359925637,55.28903046547151,28.699593867564253,13.132508069223954,46.71976907073955,83.7447298381508,83.21305051442411,11.166652463620782,13.266826789321325,73.76309630981696,85.20501254769201,67.98519636580123,51.4230459119145,25.964813650961666,7.846768642028978,7.758317553159286,42.17132236483957,4.672337840785811,26.080843177159714,83.8394433138347,45.49653394958078
78,0.915076973272403,0.9156157953458779,-0.0005388220734748872,1.830153946544806,C,20,7.894712439338036e-09,7.167228320261383,30.331854864165486,34.35064490945116,51.043023090062526,96.49195473431656,65.47730197651137,42.76352042245367,83.28339281779358,32.73769275833955,24.36107888466782,52.09896793235612,55.28903046547151,28.699593867564253,12.685976530038477,38.08697406252577,80.79679976011826,83.21305051442411,47.04152123359571,13.266826789321325,73.91824727215347,88.91663318931835,53.177509794572,51.4230459119145,25.76210108945955,7.846768642028978,2.933506104523963,42.17132236483957,4.672337840785811,25.108283169682842,86.0016839499924,53.76363143807022
79,0.9204806260320929,0.9209449364325147,-0.00046431040042183014,1.8409612520641858,C,77,4.6718135138235084e-08,1.7145603366444246,40.950454742383556,41.83697583682413,48.424739096472415,96.49195473431658,75.74026774734313,41.632348881304836,82.35851049895149,73.20365103844975,79.50374454810127,14.337024093114247,35.58925693798654,28.690846979728818,12.526012251209451,67.49928519964838,10.09984832806739,57.78334580641419,37.23790143135178,10.225241954179054,78.08072585570443,88.91241623072342,78.18341690306457,65.55916926799975,97.40535902573134,73.62635584125744,2.933506104523963,39.89198964678859,4.672312043234763,22.1474657539299,86.0017905203184,53.76363143807022
80,0.9254292594897545,0.9258253617996492,-0.0003961023098947303,1.850858518979509,C,14,8.447190680271888e-08,0.2344785192041622,40.950454742383556,41.85810176705159,40.55607749897296,96.49195473431658,76.2372471597246,41.632348881304836,82.35851049895149,74.65505381287932,79.51000480902178,13.58930332665417,20.163835858469838,28.690846979728818,16.10995708434328,62.85898919088006,10.09984832806739,57.13328828649773,36.01822311685167,5.423924262137133,87.16959632705476,92.31553342090689,78.18341690306457,65.55916926799975,97.40535902573134,73.62635584125744,2.9206285733407156,35.56768935248344,4.672312043234763,21.548545861717184,86.0017905203184,92.16375466013996
81,0.9299600405768366,0.9302992106558855,-0.0003391700790489338,1.8599200811536731,C,14,6.870272528658461e-08,0.40418987418336694,32.486981370308996,41.86311039680835,40.55607749897296,96.5779692315995,79.28325555914716,41.150319956224,82.35851049895149,73.81660843099698,79.51148910539672,14.603954643511436,16.403237287038028,28.690846979728818,23.06232060971557,56.89756011870158,28.786212080763303,57.13328828649773,29.468719384904063,4.998973925593122,88.5034215232442,92.31553342090689,78.67394595834082,65.55916926799975,97.40535902573134,75.6128571732767,2.4403447447548174,34.9242713718877,4.672312043234763,17.077095428920963,86.0017905203184,92.16336114192607
82,0.9341267507911516,0.9344191406590435,-0.000292389867891929,1.8682535015823032,C,61,9.482724294684886e-08,14.61941203133501,14.407144601582324,25.113961307524043,41.14484931167841,96.62206794699762,84.7605166973079,44.53521536414631,81.73732348952703,73.55438459681352,70.92019192637221,51.93687088965997,15.01003454138435,28.690846979728818,34.99541063127671,49.28006011508768,71.03067216507421,75.24570514831589,50.9889978530198,4.47224653226381,90.41084467656285,88.41666220654957,99.51370726158449,92.34800688161945,73.43544021346534,21.403938237019688,1.6271778611714725,34.002892932483626,4.659876409810217,14.071710266638032,86.0017905203184,92.16336114192606
83,0.9379837919456401,0.9382371813896542,-0.000253389444014096,1.8759675838912802,C,14,8.497398340523432e-08,10.102208967928924,14.3739462641464,25.880928786987692,41.14484931167841,98.10235283777752,84.89492109160281,36.591832065209424,80.74416834221852,73.55438459681352,67.19038151493329,51.57783123127042,14.708291828423391,28.690846979728818,30.1444228428632,37.017918368043404,69.0058275763664,77.6396150779237,44.38942630350074,2.605692779375437,90.4282366838205,81.24662319307154,73.53380721361079,92.34800688161945,64.24363744917527,22.195258694958895,1.829026099524812,30.05222445118966,4.659876409810217,14.064810094110854,86.0017905203184,92.67870368061914
84,0.9415612636807095,0.9417822724498202,-0.00022100876911068656,1.883122527361419,C,21,1.7978948108066106e-08,3.5074270219681263,24.31364772589543,47.278265640284644,43.871459153021085,98.12574180611946,84.89492109160281,35.40236607448446,82.58012871588278,64.67382571907123,67.19038151493329,36.583733218763015,9.310588210513233,28.690846979728818,30.117555180518742,36.5806545387731,76.15769323706186,77.9135739697147,39.64589334357942,1.6796895141099646,90.4282366838205,81.24797907807812,74.91360495966993,92.34800688161945,64.10940895086024,40.03471898277169,1.8290260995248122,27.58763925905601,4.659876409810217,12.827053133432791,86.0017905203184,92.67870368061912
85,0.944925764821981,0.9451205098695908,-0.00019474504760985667,1.889851529643962,C,12,2.054717285204788e-08,3.4687450337501127,17.850301762623417,50.698920504323105,43.89009075980714,98.12574180611946,87.05381263647658,35.39165002771236,75.17096107010335,65.08161880918075,51.449939449128024,44.43089015624794,7.943669656554384,28.690846979728818,18.65060251410348,66.75017534941558,84.33607426393826,72.95905671604706,41.106265936499,1.3855610440307258,92.12634553212358,82.52486521029793,74.9452434613351,92.34800688161945,64.07110347729007,40.18597788326701,1.2545100620801182,27.044837033983526,4.6546172075516346,11.60484980595816,89.74471722861941,92.67870368061912
86,0.948020592295839,0.9481888555370275,-0.00016826324118845992,1.896041184591678,C,45,6.19408808688604e-08,1.0167921836745948,56.40254441127084,55.770398933918756,17.667357055442732,98.12574180611946,88.78218242085484,31.33728479911747,66.18555905007489,32.135779681158425,51.449939449128024,31.60697141899584,7.749918853750749,38.848571588781674,27.871349560708815,73.87318641868026,77.723867837375,73.20690783353878,15.568014866567406,0.8846282369366245,89.47947854882273,82.7435847314313,60.81717137458366,46.56610091494086,60.308053072335056,42.36624720701126,1.239274827698695,24.90656171073951,4.107968761109578,10.906529911419454,90.0824358534282,92.67870368061912
87,0.9508981435851259,0.9510458447516437,-0.00014770116651774412,1.9017962871702518,C,21,3.2539048788748914e-08,0.18207403534113803,56.40254441127084,54.175829537933936,19.44989008528833,99.24830399342423,88.88318719829404,21.91049853365306,87.12227144844825,31.848601442730683,51.449939449128024,29.330230859853202,7.610866367049759,40.81587702794525,27.871349560708815,33.09768938756598,75.19374006992416,73.20690783353878,15.817246493631963,0.5991719792850221,89.47947854882273,69.52489968210702,39.39302132022788,46.56610091494086,15.602088341380464,43.012553703489665,1.239274827698695,23.051875466439956,3.805575869089563,10.499166961486454,90.41921973704906,92.67870368061912
88,0.953592836483898,0.953723030116993,-0.000130193633094966,1.907185672967796,C,24,3.6201299735694192e-09,0.1714090712851499,56.4043127471315,19.680655118929934,28.624564267333803,99.24830399342423,88.94505522759131,20.783479706685117,40.268833239044014,56.79721033105644,51.4518008878441,25.818519179713824,7.610866367049759,85.2029744810836,27.86418811172235,33.12633760072745,68.42197257777678,69.46059675106369,16.888320702606638,0.47222847167350585,89.54978156625451,59.56332476038834,39.39316810102551,46.56610091494086,28.00478898700684,43.01255370348967,1.239274827698695,22.669994600774825,2.005920988040033,10.46021318455077,90.41921973704906,92.67870368061912
89,0.9561045987322244,0.9562188479020279,-0.0001142491698035153,1.9122091974644488,C,19,4.3383529657603503e-08,0.10803863764149246,56.959945840640586,24.96827957848913,26.363883408773262,99.34416787512878,90.18550412991632,18.493560987361214,27.293885516120575,54.24566314371951,54.56021759319121,27.464498048382495,6.140085424550228,86.80244964469898,27.84385633096156,30.81186395489269,69.52170943415922,52.357988910936534,48.467406733659445,0.37710076107806934,89.37963356320745,59.57696667325595,42.47752533904576,54.397203758512305,27.932030226535208,51.889917542737244,1.239274827698695,20.446739612949187,1.9964718417038272,10.359022200892195,90.50862968798239,93.74367271314293
90,0.9584166897210101,0.9585162659377222,-9.957621671208283e-05,1.9168333794420203,C,44,6.716465605904887e-09,1.5048633601262624,17.51126911229415,44.38214991071928,54.64387856572367,99.34416787512879,90.63623553156219,18.492924012895497,25.1432060003282,52.53606508592458,53.941207656880366,85.08364843641672,6.12247273919532,86.80244964469898,24.734231543944162,93.24670419782348,72.42996206984334,77.47796753581106,52.83208821472355,0.33065768439135135,89.8756010897073,59.57742135315404,44.21448783064132,54.09426782472892,47.12886110208005,19.142357131029243,1.239274827698695,18.571410360991592,1.631211228717068,10.088903110391982,90.50862968798239,93.74367271314293
91,0.960548855062329,0.9606354546059506,-8.65995436215572e-05,1.921097710124658,C,36,1.745605970882025e-08,0.030574603969702706,19.647488827273314,46.41018875926025,40.72042609704764,99.51683968110433,90.63623553156219,16.524629537811315,48.08625343868246,52.53606508592458,53.941207656880366,85.21498322265668,6.12247273919532,86.80244964469898,24.734231543944162,79.1852475210846,32.59039213904758,83.93839553377802,15.61961832308303,0.16690962684906485,89.87560108970729,59.57742135315404,63.66783375198874,9.185002449509987,4.951923358402796,19.30210747853575,1.239274827698695,16.449044136167622,1.5307124500201932,10.088903110391982,90.50862968798239,93.90851614203063
92,0.9625247230380379,0.9626004936064791,-7.577056844121355e-05,1.9250494460760759,C,15,1.5969447986208252e-09,0.005255278971183674,20.174991155574602,45.20686811757784,40.68874229492403,99.52418454403605,91.03259817082252,16.183930469391576,49.28592133777738,52.53606508592458,53.99625987105734,85.21498322265668,6.119704251040765,86.95008327970577,29.33170133212807,70.59677256820201,34.97210647022631,84.33676812992726,15.635973425045494,0.09000069930141158,89.71388732373306,58.433211947825896,63.74325713259215,9.099256669612696,4.951923358402796,19.30210747853575,1.231130296021746,14.707444281976025,1.4937175405925889,9.980001485503847,90.77036187646564,93.90851614203063
93,0.9643612532006446,0.9644287437774919,-6.749057684729554e-05,1.9287225064012892,C,11,9.462899619450127e-08,0.0019957226720772937,20.174991155574602,45.25311480530395,40.67164905647185,99.52418454403605,91.76647724532758,16.183930469391576,49.28592133777738,52.17099546143016,54.028910886896675,85.21498322265668,6.118061061901132,86.95008327970577,29.31938122190705,71.08198350977007,47.74439736912202,84.4263411724418,15.64568322723061,0.05912021623289196,90.72483710513505,59.03841067582751,63.026103782928224,9.18754376288126,4.907313163711715,19.104258225485225,1.231130296021746,13.541496600503509,1.4799146990977359,9.43550231742375,90.77036187646564,93.90851614203063
94,0.9660780952661631,0.966137738722273,-5.964345610998123e-05,1.9321561905323261,C,22,1.7918175387876545e-08,0.001630758891087506,20.174991155574602,49.2577018193835,43.12443979011466,99.5241948012014,92.71827690356312,16.080294744522593,41.352372287275145,52.16990333488072,54.28570965801761,68.18708541094873,5.579544123549657,86.95008327970577,29.316646729094323,51.4421966746695,74.1882857546193,63.60317679010484,22.284932718283816,0.0558183977346927,92.017094976216,48.43876185289193,63.02610378292822,9.187543762881262,12.644021007394562,23.447729978380252,1.231130296021746,12.779601902961861,1.4799146990977357,8.708336222699728,90.77036187646564,93.90851614203063
95,0.9676722144541751,0.9677245575279769,-5.234307380186376e-05,1.9353444289083501,C,13,6.09917307770047e-08,0.00045758515607217617,20.174991155574602,50.19446719569015,43.12443979011465,99.52419480120142,93.10569818746377,16.080294744522593,41.352372287275145,52.169903334880715,54.99538828700949,68.18708541094873,5.546775211198832,86.95008327970577,29.316646729094323,52.10148761033477,77.48421140524405,63.60317679010484,22.48057580158858,0.03360446602731362,92.54016551612895,48.43876185289193,63.02610378292822,9.187543762881262,12.64402100739456,23.447729978380252,1.231130296021746,11.579129315867622,1.4799146990977357,8.399453764032973,90.77036187646564,93.90851614203063
96,0.969148658050265,0.9691950325908054,-4.637454054046142e-05,1.93829731610053,C,13,1.2262983517530301e-08,0.00020609504426122145,23.02941509453661,47.95378381432836,43.52688131082558,99.52603088432548,93.89939107332602,15.053539895787518,38.997010576241664,52.169903334880715,54.99538828700949,68.18708541094873,7.126474951976383,87.74524286415938,34.40709434513296,45.22118988107203,76.73091658178724,65.99772356032965,22.48057580158858,0.022897869437354976,93.24646440760338,48.43876185289193,63.02610378292822,10.464493420956419,13.430450569178895,23.109667920730487,1.2199175848814487,10.766713661966843,1.4230561001393696,7.957641393519195,91.25930731663036,93.90851614203063
97,0.9705370583585241,0.9705786511094213,-4.159275089721248e-05,1.9410741167170482,C,12,5.7307920187099626e-08,0.00011686701673563639,23.02941509453661,62.0161653045362,43.52688131082559,99.52603088432548,93.89999265130352,15.05353989578752,25.06985076023472,52.169903334880715,55.30069044450962,68.18708541094873,7.126474951976382,87.7452428641594,34.380301460943016,45.274644191152085,76.73642350805358,49.47234818229268,27.29253042190105,0.017413782783776907,93.25221649431971,48.43876185289193,63.02610378292822,10.563017077473827,13.430450569178895,23.08807325830219,1.2199175848814487,9.69284848514056,1.4230561001393696,7.95711826084257,91.25930731663036,93.90851614203063
98,0.9718534232731556,0.9718911358115528,-3.771253839723876e-05,1.9437068465463112,C,16,2.4962945488482546e-08,0.00010882021603941709,23.02451794276624,78.14066689998131,46.676244837594474,99.51947784040668,93.90040670524058,12.507456703610591,27.55719617131719,52.13140038385933,80.49038650940406,69.0723260179836,6.749309588131658,87.75367746888749,31.86040648955966,47.1374801613559,75.07275012290428,47.03367095706164,32.418200412065836,0.01741091670579679,93.52992352183152,48.43876185289193,71.9446223158548,10.404795007551458,12.291895897644231,27.73384222889264,1.1478880126818176,9.133564885439087,1.1619939528166592,7.956758187380873,91.25930731663036,94.03931713315137
99,0.9730908559284045,0.9731244257754614,-3.3569847056935664e-05,1.946181711856809,C,38,2.2985831904520637e-08,2.042750218357068e-05,66.27629890459744,67.37120807272913,12.358263201881446,99.69720495809925,93.90040670524058,6.9978591245725585,51.511152949473335,19.337422573466817,73.08535188395064,88.61842518456855,6.937688798753025,87.75602843310907,28.734550284724317,46.22335521836136,28.426783996969835,54.719549087254656,18.867998800844372,0.016275030862622275,94.99883920123895,46.76971189987657,71.9446223158548,2.604697137022661,3.790337496403702,29.655611427592387,0.622951458027915,8.978907074449522,0.887554342660035,7.956758187380872,91.25930731663036,78.70120389494537
100,0.974247802761904,0.974278626871033,-3.082410912891298e-05,1.948495605523808,C,13,6.10154362590265e-08,1.9178509557898583e-05,57.59615919747119,70.98161053015045,13.260012361112972,99.69890294207474,93.90040670524058,6.996964610674285,65.07573569801083,19.337422573466817,75.31354589182098,88.61842518456855,9.200921801907988,89.59866673237681,27.97438977472128,46.220206894214876,28.397247776512312,30.589437070783116,28.61726359193523,0.0123193988116414,95.03919821781696,46.75694905424609,71.9446223158548,2.5023705218263586,5.048994967509234,29.687071925962393,0.622951458027915,8.12347018530049,0.8874653900160463,7.956758187380872,91.26051520281949,82.5586496323101
101,0.9753359789368955,0.9753627412348179,-2.6762297922422462e-05,1.950671957873791,C,12,4.204098047466687e-08,1.8317680848130662e-05,60.14945323037694,73.82012313571045,13.314049792207513,99.69890294207474,93.90040670524058,5.235254091621231,15.483849030976412,19.337422573466817,71.96920176274824,60.382805108591626,9.334623659497804,90.66588120208914,27.861323064098613,46.667746992810635,15.723459395769297,18.847298892030214,22.62921365198191,0.01201713436892157,95.10293831003082,46.75694905424609,71.9446223158548,2.4964182389910454,5.188217592546909,29.687071925962393,0.622951458027915,7.404073157808165,0.8300501703481065,7.956758187380872,92.04012572729579,84.23603076911948
102,0.9763582898380779,0.976382746224597,-2.4456386519045026e-05,1.9527165796761559,C,11,3.2980658204451174e-09,1.1468171650821496e-05,60.14945323037695,73.82012313571045,15.21734939755899,99.69890294207474,93.90040670524058,5.113126821096465,8.991537542902755,19.337422573466817,71.96920176274824,60.382805108591626,11.136426775489038,90.66588120208914,26.19296698106064,46.73505865972637,15.692074993493568,13.238414620977126,28.16796175182188,0.009587167233739475,95.10293831003082,27.805339230943943,71.9446223158548,2.28713598906544,26.663403710186543,43.35582266534818,0.622951458027915,6.679976042611141,0.8300501703481065,7.956758187380872,92.04012572729579,84.23603076911948
103,0.9773193476033449,0.9773413067385492,-2.1959135204308033e-05,1.9546386952066899,C,11,4.969443523350492e-09,8.559864337215264e-06,60.14945323037695,73.18503787191338,17.110552575871612,99.69890294207474,93.90040670524058,5.014266346033152,3.3824618849520802,19.337422573466817,71.96920176274824,60.382805108591626,15.852618000418158,90.66588120208914,24.570951845131024,46.73505865972638,15.66004368644449,7.487366959003592,41.48983203740745,0.009042184795718519,95.17203173058174,26.21203640833626,71.9446223158548,2.0721622899841594,30.71465174708746,43.58973535436829,0.622951458027915,6.092016055218593,0.8174798231858289,7.956758187380872,92.04012572729579,84.23603076911948
104,0.9782252828761445,0.9782451567096334,-1.98738334888926e-05,1.956450565752289,C,14,1.8919212863011126e-08,7.398357827543369e-06,66.79141214791915,57.23248263986696,18.007976393799293,99.71823325346116,93.90040670524058,3.7148013941133793,13.108644271570139,19.337422573466817,71.96920176274824,62.33847324215595,19.068255985730055,93.18528129291218,23.511076921065946,47.09137138241326,12.070706293960127,4.764328299620645,44.59783497469566,0.00828779078825669,95.17203173058175,25.040097077658757,70.19517046864925,1.9369052058698304,26.11555394350447,43.58093741563177,0.622951458027915,5.70663892597632,0.6775674866512841,7.956758187380872,93.90804969074262,83.33327974443411
105,0.9790771440973259,0.9790953668109764,-1.8222713650484224e-05,1.9581542881946519,C,25,4.114406593203057e-09,0.32280226617788155,79.2878427909194,63.53056760653314,14.28194385667406,99.71823325346116,89.29660204458551,3.3127561350030525,15.553596257178828,97.682162977058,75.24264164202177,68.6592761786111,20.48275862502183,93.18729443075485,26.65885665413138,55.509647390384075,12.061619568842383,5.737753794211649,46.98434528717564,0.00575029854589699,95.52979581917717,24.001249243930452,72.62637228348522,48.96133802373882,26.076396356963258,44.266907530515546,0.5812643915301543,5.140641976901936,0.66704640021966,7.956758187380872,93.91503748683715,84.27617760646315
106,0.9798784579021135,0.9798948317810614,-1.637387894792841e-05,1.959756915804227,C,35,3.137405890640821e-09,0.04374785599514201,79.31368160331643,64.94120653244745,56.61905589100662,99.71823325346116,89.29660204458551,3.3127561350030525,89.63376328820127,97.68442610597486,76.07377665316147,68.6592761786111,20.228162610457765,93.19293167602024,24.094343092086547,19.189883794592607,2.004332150840637,5.821072459952097,46.36805047691424,0.0028958189156486026,95.54601963105131,24.04126250225834,87.3194960018831,8.068636540428145,6.2979673085372845,18.140060021618673,0.5812643915301543,4.528433873801849,0.66704640021966,7.956758187380872,93.91503748683715,84.27617760646315
107,0.9806307348753035,0.9806453318370637,-1.4596961760204863e-05,1.961261469750607,C,13,2.432646706296282e-08,0.04352167942178473,79.31368160331643,45.909406269415925,54.58148819984181,99.71823336638968,89.29660204458551,3.3127561350030525,60.213282927750484,97.68442610597486,76.07377665316147,68.6592761786111,20.2283011769081,93.19293167602024,23.153930700159425,19.189883794592603,1.9880095066108558,5.821072459952097,46.36805047691424,0.0028958189156486026,97.68670210050819,21.223026440705766,87.3194960018831,4.28974043797918,6.2529711329982005,30.12586045620709,0.5812643915301543,4.528433873801849,0.0852840501547096,7.956758187380872,93.91503748683715,83.58986482226294
108,0.9813377284222274,0.9813507761186001,-1.3047696372670003e-05,1.9626754568444549,C,13,2.180778935212402e-08,0.0026113007653070855,79.31368160331643,51.88637687740883,54.581488199841814,99.71823336638968,89.29660204458551,2.93239009224545,44.560582873282215,97.68442610597486,76.07377665316147,54.37824230536267,20.2283011769081,93.19293167602024,23.153930700159428,21.937976885481742,1.5357403705440462,8.426418858107244,34.915218654052495,0.001389993079511329,97.6867021005082,21.223026440705766,87.3194960018831,4.28974043797918,6.2529711329982005,30.125860456207086,0.5812643915301543,3.9850218089456266,0.0852840501547096,7.956758187380872,93.91503748683715,84.58762125654235
109,0.9820044105275735,0.9820166841373928,-1.2273609819368758e-05,1.964008821055147,C,42,8.324935674153267e-08,11.617157332560696,79.43820138177092,53.03333372867819,23.867997714856532,99.72752353209577,86.76606766718055,2.908201263610408,58.92334754687598,86.07701859710893,78.13529442420133,96.0715121655536,21.25512513073612,93.26275207117226,23.66643847898849,73.51091793664766,22.350603890656163,8.311792974783534,21.052290402040963,0.0008092373061744914,97.05153892373126,22.954899360164625,88.47981637516918,2.019263783435899,1.9221634652708033,94.9169071064549,0.5676219631063995,3.5479379476111,0.08397038613374425,7.956758187380872,94.02105292931296,84.58762125654235
110,0.9826352218614115,0.9826460979179749,-1.0876056563358105e-05,1.965270443722823,C,14,6.443307842829427e-08,2.3422791809670382,79.56411509925896,52.5641588972004,27.52571325335132,99.73101410736103,86.98236972034265,2.883796513583558,58.348600115497035,86.07701859710895,78.13529442420133,96.10621395988872,21.25512513073612,93.33305307603187,24.273292947669496,73.51091793664766,22.68950604772534,19.10781168100495,21.052290402040967,0.0003924905095818473,96.38786969283998,24.370733972690346,88.47981637516918,1.9844759268401773,1.922163465270803,94.91690710645489,0.5676219631063995,3.1283327042606173,0.08341790421935599,7.956758187380872,94.13389367646258,85.82165982640623
111,0.983233447340402,0.9832433197548214,-9.872414419409559e-06,1.966466894680804,C,20,6.33626875412574e-08,1.6077443090585877,79.67882014703531,52.923997417369755,28.952485700697434,99.73170629567416,86.92707182622294,2.8534809879087075,37.77254530202006,86.05735284021043,78.13529442420133,96.16660266717028,24.99846338431111,90.22081206674486,22.918771492559834,72.30689952858815,45.348864289310995,13.429742092669613,25.60995353518686,0.00036668069779612674,68.36882139000546,19.55431228820625,87.9439840578546,1.7824674037465973,2.0034888977792003,94.03542984104891,0.5625958128443498,2.9489940997302244,0.08338559367685303,7.956758187380872,94.13389367646258,85.82165982640623
112,0.9837973995682819,0.98380653474209,-9.135173808072494e-06,1.9675947991365639,C,14,9.596801753275486e-08,1.4350435240684054,81.81118929808093,62.0979895143205,28.952485700697437,99.73170629567414,86.92707182622294,6.733110364188207,45.04803393229485,86.05735284021043,78.96105850528625,96.16660266717028,71.07088024084024,90.22081206674486,9.70136066392472,85.59712795403127,45.348864289310995,13.429742092669613,25.60995353518686,0.00036668069779612674,68.36882139000546,19.554312288206248,87.9439840578546,1.7824674037465973,1.7005994780243647,93.80597451239898,0.5625958128443498,2.948994099730225,0.08338559367685303,7.956758187380872,94.13389367646258,85.82165982640623
113,0.98433321449032,0.984341772561302,-8.558070981989907e-06,1.96866642898064,C,12,5.04619013241836e-09,0.3810726045005102,81.81118929808093,72.58698509533764,28.952485700697437,99.75523270758055,86.92707182622294,6.578497768442055,45.04803393229484,82.33211021141372,79.0276923644698,96.16660266717028,71.07088024084024,90.22081206674486,11.74792037886953,83.62810946103698,46.722966998544365,13.704102231777913,26.01097136140701,0.0001884946147453044,68.37965179563537,20.810902242661626,86.85913522813661,1.782467403746597,1.7005994780243645,93.80597451239899,0.5476290867882303,2.6170293973976655,0.08338559367685303,7.956758187380872,94.18276335396446,85.82165982640623
114,0.984845932640961,0.9848536904404825,-7.757799521557196e-06,1.969691865281922,C,21,3.064515308182081e-08,0.34455653324893726,81.81118929808093,72.50597414272355,30.74596114636202,99.7957745560912,83.94089336974048,4.868910869847774,28.574087576639688,78.93805968408476,79.0276923644698,80.49863846207865,71.07088024084024,90.22081206674486,11.741408283738942,57.685679678280586,72.6832554019431,10.391984733439061,31.227094631425878,0.0001786135647779076,68.37965179563537,20.810902242661626,67.54724398141303,1.782467403746597,1.6983821699460018,93.08230549883052,0.43416842440663894,2.4535873595278637,0.08338559367685303,7.956758187380872,94.18276335396448,85.82165982640623
115,0.9853357682776686,0.9853429065575916,-7.138279923046831e-06,1.9706715365553371,C,11,8.76102053126715e-08,0.03604071391485201,81.81118929808093,72.74139415446328,30.74596114636202,99.796138868238,83.93917007579705,4.802900947844776,28.57408757663969,78.93805968408476,79.0276923644698,80.49863846207865,71.07088024084024,90.22081206674486,11.741408283738942,56.80070617428555,72.61058355038352,10.391984733439063,31.227094631425878,9.014135459892928e-05,68.37965179563537,33.22632441940469,66.84836910195808,1.782467403746597,1.6983821699460018,92.8268165766148,0.4290971524218954,2.1731267545324897,0.08338559367685303,7.956758187380872,94.66918350291893,85.82165982640623
116,0.985801353733392,0.9858077401370338,-6.386403641811533e-06,1.971602707466784,C,12,1.1742065986197758e-08,0.03604071391485201,81.81118929808093,81.32678254123775,36.983768767408655,99.8211401784559,61.10374420252118,3.340136744732879,28.57408757663969,78.93805968408476,79.0276923644698,80.49863846207865,79.22116552624011,90.22081206674486,11.741408283738942,32.67908248153271,90.28550651084093,10.391984733439063,31.227094631425878,7.628910728593572e-05,68.37965179563537,33.22632441940469,51.311056229694486,1.782467403746597,1.6983821699460018,87.15771150148578,0.1358020948058395,2.1731267545324897,0.08338559367685303,7.956758187380872,94.66918350291891,85.82165982640623
117,0.9862480356527009,0.9862543261644321,-6.2905117311773395e-06,1.9724960713054018,C,14,2.088072825756626e-08,0.030909716194453166,81.81118929808093,81.53470328483506,36.983768767408655,99.82614328973258,61.103744202521185,3.302366712157271,28.57408757663969,88.4310322759089,79.22406181823419,80.49863846207865,78.94054301583252,90.22081206674486,11.680055212032135,32.273191283079406,90.28550651084095,10.391984733439063,31.331517257442087,7.028087853014166e-05,57.40456466358428,43.53229524593888,50.45599247545348,1.782467403746597,1.6983821699460018,86.61119511834038,0.1358020948058395,2.130881647773498,0.08338559367685303,7.956758187380872,95.10799306929631,85.82165982640623
118,0.9866736396187096,0.9866795841529669,-5.944534257285028e-06,1.9733472792374191,C,18,1.997153553645603e-09,0.003337772163390611,81.81375960720277,82.80604772195576,44.52781653718877,99.82614555052552,61.10438953103268,3.0758071713843336,54.143236775337996,67.20452221705968,79.22406181823419,70.10310813883203,89.19505508853257,90.22081206674486,11.680026963990915,9.891460783127236,77.53141979988109,12.444138630022206,26.52674110301878,2.596922687045637e-05,57.40456466358428,43.53305498762892,57.46938688945343,1.7824362322585272,1.6983821699460018,86.6109437568632,0.1358020948058395,1.8882289677996051,0.08338559367685303,7.956758187380872,95.10802817289287,78.0765950626823
119,0.9870767734259785,0.9870820187296031,-5.245303624556996e-06,1.974153546851957,C,21,6.346928582701139e-08,0.003205372362119173,92.4935929345812,76.50144034791984,39.71901461865482,99.8311906484559,37.225825228639614,2.339048450506465,69.08397307610178,71.1019762937905,73.15251808899652,51.93561450453858,86.93876344533403,91.45939991315336,20.464364300816854,8.118171057433246,47.929863416071726,10.877936847560694,28.33540522523255,2.5182692155275325e-05,45.45536394084468,17.472172602452698,57.46938688945343,0.7729291067042385,1.6983821699460018,87.0572424558853,0.11779788183086448,1.8882289677996051,0.07672630319567243,7.956758187380872,95.6467159705567,65.27848641342355
120,0.9874613461247205,0.9874661887183561,-4.842593635645542e-06,1.974922692249441,C,15,1.8905758736309508e-08,0.0029894822481345736,35.439583897789355,76.59220839958653,45.65780571883744,99.84514664563366,42.8033077234516,1.6298500077304885,69.08397307610178,85.88315051827172,73.15251808899652,51.93561450453858,86.93876344533403,91.45939991315336,16.114292154201475,8.086094278883142,43.159812235801375,10.877936847560694,28.33540522523255,2.4244413332692177e-05,37.19936177826318,23.633180420404585,57.23390181875167,10.669486835295823,1.6983821699460018,64.74482100486506,0.1173037787631594,1.871993593106387,0.07672630319567243,7.956758187380872,95.82004331340937,64.71134641745613
121,0.9878293450588854,0.9878336513739948,-4.3063151093925e-06,1.9756586901177708,C,14,4.649176688076295e-08,0.0002715746716578127,35.439583897789355,76.59220839958653,43.34295684668572,99.84576640977849,42.80330772345161,1.4998642481275575,68.5721926196481,85.88315051827172,73.15251808899652,57.30793558643754,87.92401971337158,90.56650864213373,16.01758246892136,8.35599250328119,38.09588924324844,12.748191543971194,25.99142887133845,1.1554112011051013e-05,37.19936177826318,23.485972698318637,57.09743742263785,10.515554857576715,1.439478247518673,64.74482100486506,0.11534127440169359,1.6509493900957937,0.07672630319567243,7.956758187380872,95.82004331340937,65.27884691896311
122,0.9881829062653159,0.9881869575677589,-4.051302442964477e-06,1.9763658125306318,C,13,3.686688998527643e-08,2.47157864314478e-05,36.16644870466378,77.04517584469122,43.029931378569636,99.85028147040794,42.71850300764814,1.4820812231699187,68.5721926196481,85.88315051827172,73.15251808899652,57.30793558643754,87.92401971337156,90.56650864213373,15.867152240735296,8.221873136130457,38.095889243248436,13.065369349809226,25.99142887133845,5.74417312884092e-06,37.19936177826318,34.90978557081893,56.15134517873542,10.515554857576713,1.7559136909064768,64.38546379210916,0.11516405350327599,1.4593709410971702,0.07622466146469832,7.956758187380872,96.1535511514141,65.36467539581415
123,0.9885222295712716,0.9885262845424058,-4.054971134204166e-06,1.9770444591425431,C,21,5.630246313614862e-08,9.807690969311591e-07,36.16644870466378,77.02866057906975,43.87290413869813,99.85032012318284,42.71850300764814,1.490893174330789,85.52977545740791,85.86197274215633,73.15251808899652,57.30793558643754,89.94169359243064,90.56650864213373,14.539438348727053,6.227197582725969,38.09587488314301,14.392900761269729,25.992381730891083,2.539778669391849e-06,37.19936177826318,34.911672536569476,56.145773053233256,10.51538837798714,0.5675314030436088,58.005275201004665,0.1151589257933927,1.287320632204054,0.07622263530610413,7.956758187380872,96.1536106226556,65.37148290380796
124,0.988849039753556,0.9888529517829586,-3.912029402641792e-06,1.977698079507112,C,12,4.5049346475423135e-08,1.1175332195331459e-07,36.16644870466378,77.02866057906976,43.35623045856822,99.85513219260739,39.35711128881108,68.65747240109019,85.52977545740791,85.86197274215633,71.18330761772202,57.30793558643754,94.19082851033346,89.94756111978344,13.596907995613368,2.365461361425631,38.09587488314301,14.392900761269729,28.60705627132269,9.711912260502124e-07,37.19936177826318,37.72834159689511,55.070433286558284,59.1740212504569,0.5299188239699657,56.519817487610794,0.11515892579339268,1.1417073439586836,0.07564921342160069,7.956758187380872,96.24238439720962,65.37148290380796
125,0.989163402530094,0.9891666545933829,-3.252063288883278e-06,1.978326805060188,C,20,3.3802187715537e-08,6.731176088407538e-08,37.85173896691505,77.98241033172945,43.35623045856822,99.87024846975088,39.35711128881108,65.43147872270696,86.24194064234186,90.08684070875968,71.12980737732687,56.40379760222434,95.41588912215944,89.9749004663809,13.568772768482509,1.6068190831893,38.06505626732714,14.61678054699014,28.64605068196878,6.855806916409401e-07,33.229258688590605,37.72834159689511,50.693682187217874,59.1740212504569,0.6145637376023444,56.511683135427916,0.11495188305556696,1.0887684518591525,0.0738020759786431,7.956758187380872,96.2423843972096,65.36392806027885
126,0.989464983470263,0.9894679127305319,-2.9292602689023894e-06,1.978929966940526,C,13,8.287686092955937e-09,6.67113706156734e-08,38.40701496416585,52.74419090013466,40.96329805139002,99.87467880877193,39.27232320751703,57.91086187903893,83.53440708121796,94.52999131844736,74.85639732298472,64.14984268161018,95.50092732016705,91.23030658611836,12.260370985950036,13.957614640025328,35.69468868232985,17.49900665588645,43.25009489549838,6.251541573112507e-07,27.078447897043677,32.535245800235415,50.12728290096989,58.46057426524757,0.6145637376023444,61.488933954133756,0.11475983266299304,1.0755954116368636,0.06797464633448135,7.956758187380872,96.30677392391412,58.865553072215015
